{"stats":{"minecraft:broken":{"minecraft:stone_pickaxe":1,"minecraft:iron_pickaxe":2,"minecraft:golden_pickaxe":1},"minecraft:killed":{"minecraft:cave_spider":3,"minecraft:skeleton":2,"minecraft:silverfish":2,"artifacts:mimic":1,"minecraft:pig":4,"minecraft:creeper":1,"minecraft:sheep":1,"minecraft:zombie":3,"minecraft:cow":1},"minecraft:dropped":{"minecraft:iron_sword":1,"minecraft:wheat_seeds":1,"farmersdelight:skillet":1,"minecraft:iron_horse_armor":1,"minecraft:stick":8,"minecraft:cornflower":1,"minecraft:mutton":2,"artifacts:charm_of_sinking":1,"minecraft:white_wool":1,"minecraft:bone":1,"minecraft:furnace":1,"twilightforest:ender_bow":1,"minecraft:rotten_flesh":1,"minecraft:pumpkin_seeds":1,"supplementaries:bubble_blower":1,"minecraft:wooden_pickaxe":1,"artifacts:fire_gauntlet":1},"minecraft:killed_by":{"minecraft:player":1,"minecraft:witch":1},"minecraft:crafted":{"minecraft:stone_shovel":1,"minecraft:iron_nugget":9,"supplementaries:soap":6,"minecraft:stone_pickaxe":3,"minecraft:crafting_table":2,"farmersdelight:iron_knife":1,"minecraft:wooden_pickaxe":1,"minecraft:iron_sword":1,"minecraft:bucket":1,"minecraft:stone_axe":1,"minecraft:air":0,"farmersdelight:cutting_board":1,"minecraft:shield":1,"minecraft:stick":32,"supplementaries:bubble_blower":2,"minecraft:iron_ingot":5,"minecraft:stone_sword":1,"minecraft:acacia_planks":44},"minecraft:picked_up":{"minecraft:crafting_table":3,"minecraft:golden_pickaxe":1,"farmersdelight:cutting_board":1,"minecraft:cornflower":1,"minecraft:string":3,"paraglider:deku_leaf":1,"botania:magenta_mystical_flower":1,"artifacts:fire_gauntlet":1,"minecraft:blue_orchid":2,"minecraft:candle":1,"minecraft:cobbled_deepslate":448,"minecraft:spruce_planks":12,"minecraft:beef":2,"farmersdelight:straw":1,"minecraft:iron_pickaxe":3,"minecraft:iron_boots":1,"minecraft:furnace":1,"minecraft:raw_iron":2,"artifacts:charm_of_sinking":1,"minecraft:torch":27,"sophisticatedbackpacks:backpack":1,"artifacts:vampiric_glove":2,"minecraft:porkchop":8,"minecraft:cookie":10,"minecraft:carrot":1,"minecraft:redstone":4,"minecraft:iron_horse_armor":2,"artifacts:snorkel":1,"minecraft:stone_sword":1,"minecraft:arrow":3,"minecraft:rotten_flesh":1,"minecraft:pumpkin_pie":3,"supplementaries:ash":4,"artifacts:panic_necklace":1,"minecraft:mutton":2,"minecraft:skeleton_skull":1,"minecraft:white_wool":1,"minecraft:cobblestone":14,"minecraft:leather_chestplate":1,"minecraft:cooked_beef":12,"minecraft:leather":2,"minecraft:acacia_wood":11,"minecraft:tuff":24,"create:raw_zinc":3,"minecraft:magenta_bed":1,"minecraft:gunpowder":4,"farmersdelight:skillet":1,"farmersdelight:flint_knife":1,"minecraft:lapis_lazuli":9,"minecraft:bone":3,"minecraft:acacia_planks":1,"minecraft:bow":1,"minecraft:wheat_seeds":3,"farmersdelight:pumpkin_slice":45,"minecraft:iron_ingot":4,"minecraft:stone_pickaxe":2,"artifacts:antidote_vessel":1,"minecraft:oak_planks":5,"botania:gray_mystical_flower":1,"minecraft:iron_sword":1,"minecraft:sweet_berries":44,"minecraft:pumpkin":7,"minecraft:gravel":2,"farmersdelight:ham":3,"minecraft:pumpkin_seeds":1,"minecraft:purple_bed":3,"minecraft:stone_axe":1,"supplementaries:bubble_blower":1,"minecraft:iron_helmet":1,"minecraft:bread":7},"minecraft:mined":{"minecraft:infested_deepslate":1,"create:deepslate_zinc_ore":3,"minecraft:tuff":24,"minecraft:nether_sprouts":1,"minecraft:cobbled_deepslate":1,"minecraft:acacia_wood":12,"minecraft:pumpkin":6,"minecraft:deepslate_lapis_ore":2,"minecraft:deepslate_iron_ore":2,"minecraft:stone":9,"minecraft:crafting_table":2,"minecraft:cornflower":1,"minecraft:torch":3,"minecraft:cobblestone":2,"minecraft:tall_grass":6,"minecraft:wall_torch":10,"supplementaries:urn":1,"minecraft:purple_bed":3,"farmersdelight:cutting_board":1,"minecraft:sweet_berry_bush":9,"minecraft:magenta_bed":1,"minecraft:grass":9,"minecraft:gravel":2,"botania:gray_mystical_flower":1,"minecraft:acacia_planks":1,"minecraft:oak_leaves":1,"minecraft:deepslate":442,"minecraft:fern":2},"minecraft:custom":{"minecraft:mob_kills":15,"minecraft:interact_with_crafting_table":15,"minecraft:open_barrel":16,"minecraft:eat_cake_slice":2,"minecraft:leave_game":4,"minecraft:time_since_death":42788,"minecraft:climb_one_cm":1170,"minecraft:sprint_one_cm":148746,"minecraft:walk_one_cm":386862,"minecraft:damage_blocked_by_shield":90,"minecraft:drop":17,"minecraft:talked_to_villager":4,"minecraft:play_time":146056,"minecraft:deaths":3,"minecraft:sneak_time":731,"minecraft:walk_under_water_one_cm":8353,"minecraft:jump":1247,"minecraft:walk_on_water_one_cm":19501,"minecraft:total_world_time":146056,"minecraft:interact_with_furnace":6,"minecraft:sleep_in_bed":3,"minecraft:time_since_rest":42859,"minecraft:waystone_activated":1,"minecraft:damage_taken":3028,"minecraft:trigger_trapped_chest":1,"minecraft:damage_dealt":3484,"minecraft:swim_one_cm":2675,"minecraft:fly_one_cm":114882,"minecraft:open_chest":9,"minecraft:crouch_one_cm":1547,"minecraft:fall_one_cm":26805},"minecraft:used":{"minecraft:stone_sword":55,"minecraft:shield":3,"minecraft:torch":19,"minecraft:carrot":1,"minecraft:blue_orchid":2,"carryon:entity_item":19,"twilightforest:ender_bow":1,"minecraft:rabbit_stew":1,"farmersdelight:cutting_board":1,"minecraft:bow":2,"minecraft:sweet_berries":49,"minecraft:acacia_planks":5,"minecraft:cobbled_deepslate":31,"farmersdelight:iron_knife":19,"botania:gray_mystical_flower":1,"minecraft:stone_pickaxe":80,"minecraft:wooden_pickaxe":10,"farmersdelight:pumpkin_slice":17,"minecraft:salmon":5,"minecraft:crafting_table":4,"minecraft:cake":1,"minecraft:apple":2,"minecraft:bread":10,"minecraft:iron_pickaxe":404,"minecraft:gravel":2,"farmersdelight:ham":3,"minecraft:stone_axe":19,"minecraft:cobblestone":5,"minecraft:purple_bed":2,"minecraft:porkchop":3,"botania:magenta_mystical_flower":1,"supplementaries:soap":1,"minecraft:candle":1,"minecraft:golden_pickaxe":32,"minecraft:chainmail_leggings":1}},"DataVersion":2975}