{"stats":{"minecraft:killed":{"minecraft:pig":4,"minecraft:sheep":1,"minecraft:skeleton":1,"minecraft:cow":1},"minecraft:dropped":{"minecraft:wheat_seeds":1,"minecraft:pumpkin_seeds":1,"minecraft:cornflower":1,"minecraft:mutton":2,"minecraft:wooden_pickaxe":1,"minecraft:white_wool":1},"minecraft:killed_by":{"minecraft:player":1,"minecraft:witch":1},"minecraft:used":{"farmersdelight:iron_knife":17,"minecraft:stone_sword":28,"botania:gray_mystical_flower":1,"minecraft:wooden_pickaxe":10,"minecraft:shield":3,"farmersdelight:pumpkin_slice":11,"minecraft:crafting_table":1,"minecraft:carrot":1,"minecraft:apple":2,"minecraft:iron_pickaxe":1,"minecraft:blue_orchid":2,"carryon:entity_item":19,"farmersdelight:ham":1,"minecraft:stone_axe":19,"farmersdelight:cutting_board":1,"minecraft:cobblestone":2,"minecraft:bow":2,"minecraft:purple_bed":2,"minecraft:sweet_berries":22,"minecraft:porkchop":3,"botania:magenta_mystical_flower":1,"minecraft:acacia_planks":1},"minecraft:mined":{"minecraft:cornflower":1,"minecraft:cobblestone":2,"minecraft:tall_grass":6,"minecraft:purple_bed":3,"farmersdelight:cutting_board":1,"minecraft:nether_sprouts":1,"minecraft:sweet_berry_bush":9,"minecraft:acacia_wood":12,"minecraft:pumpkin":6,"minecraft:grass":9,"botania:gray_mystical_flower":1,"minecraft:acacia_planks":1,"minecraft:stone":9,"minecraft:oak_leaves":1,"minecraft:fern":2},"minecraft:crafted":{"minecraft:stone_shovel":1,"minecraft:crafting_table":1,"farmersdelight:iron_knife":1,"minecraft:wooden_pickaxe":1,"minecraft:iron_sword":1,"minecraft:stone_axe":1,"farmersdelight:cutting_board":1,"minecraft:shield":1,"minecraft:stick":20,"minecraft:stone_pickaxe":1,"minecraft:stone_sword":1,"minecraft:acacia_planks":44},"minecraft:picked_up":{"minecraft:crafting_table":1,"minecraft:leather":2,"minecraft:acacia_wood":11,"farmersdelight:cutting_board":1,"minecraft:cornflower":1,"farmersdelight:flint_knife":1,"botania:magenta_mystical_flower":1,"minecraft:acacia_planks":1,"minecraft:blue_orchid":2,"minecraft:bow":1,"minecraft:wheat_seeds":3,"farmersdelight:pumpkin_slice":45,"minecraft:beef":2,"minecraft:stone_pickaxe":1,"minecraft:iron_ingot":4,"farmersdelight:straw":1,"minecraft:iron_pickaxe":1,"botania:gray_mystical_flower":1,"minecraft:pumpkin":7,"minecraft:sweet_berries":44,"minecraft:porkchop":8,"minecraft:carrot":1,"farmersdelight:ham":2,"minecraft:pumpkin_seeds":1,"minecraft:stone_sword":1,"minecraft:arrow":2,"minecraft:purple_bed":3,"minecraft:stone_axe":1,"minecraft:mutton":2,"minecraft:white_wool":1,"minecraft:cobblestone":11},"minecraft:custom":{"minecraft:mob_kills":7,"minecraft:interact_with_crafting_table":9,"minecraft:leave_game":3,"minecraft:time_since_death":30839,"minecraft:sleep_in_bed":2,"minecraft:climb_one_cm":1170,"minecraft:time_since_rest":2382,"minecraft:waystone_activated":1,"minecraft:sprint_one_cm":107869,"minecraft:damage_taken":1050,"minecraft:walk_one_cm":192159,"minecraft:damage_blocked_by_shield":90,"minecraft:drop":6,"minecraft:damage_dealt":969,"minecraft:swim_one_cm":2675,"minecraft:talked_to_villager":4,"minecraft:fly_one_cm":95651,"minecraft:open_chest":8,"minecraft:crouch_one_cm":1547,"minecraft:play_time":60951,"minecraft:deaths":2,"minecraft:sneak_time":600,"minecraft:walk_under_water_one_cm":3757,"minecraft:jump":763,"minecraft:walk_on_water_one_cm":11647,"minecraft:total_world_time":60951,"minecraft:fall_one_cm":18039}},"DataVersion":2975}