{"stats":{"minecraft:picked_up":{"minecraft:crafting_table":1},"minecraft:used":{"carryon:entity_item":1},"minecraft:custom":{"minecraft:jump":56,"minecraft:walk_on_water_one_cm":206,"minecraft:time_since_rest":343,"minecraft:deaths":1,"minecraft:crouch_one_cm":105,"minecraft:damage_dealt":20,"minecraft:sprint_one_cm":11836,"minecraft:play_time":6184,"minecraft:damage_taken":220,"minecraft:time_since_death":317,"minecraft:walk_one_cm":9129,"minecraft:sneak_time":64,"minecraft:total_world_time":6184,"minecraft:walk_under_water_one_cm":1057,"minecraft:fall_one_cm":2554,"minecraft:fly_one_cm":10720,"minecraft:leave_game":1},"minecraft:killed_by":{"minecraft:player":1}},"DataVersion":2975}