{"stats":{"minecraft:killed_by":{"minecraft:player":1},"minecraft:mined":{"botania:gray_mystical_flower":1,"minecraft:tall_grass":1},"minecraft:custom":{"minecraft:time_since_rest":10709,"minecraft:crouch_one_cm":456,"minecraft:sprint_one_cm":40030,"minecraft:play_time":21168,"minecraft:deaths":1,"minecraft:damage_taken":425,"minecraft:walk_one_cm":35565,"minecraft:sneak_time":248,"minecraft:walk_under_water_one_cm":1717,"minecraft:jump":225,"minecraft:damage_dealt":40,"minecraft:leave_game":1,"minecraft:walk_on_water_one_cm":3122,"minecraft:time_since_death":15301,"minecraft:sleep_in_bed":1,"minecraft:total_world_time":21168,"minecraft:swim_one_cm":715,"minecraft:fall_one_cm":7293,"minecraft:fly_one_cm":41275},"minecraft:used":{"botania:gray_mystical_flower":1,"minecraft:carrot":1,"carryon:entity_item":12,"farmersdelight:ham":1,"farmersdelight:pumpkin_slice":5},"minecraft:picked_up":{"minecraft:crafting_table":1,"farmersdelight:pumpkin_slice":5,"minecraft:carrot":1,"farmersdelight:ham":1,"botania:gray_mystical_flower":1}},"DataVersion":2975}