{"stats":{"minecraft:broken":{"minecraft:golden_pickaxe":1},"minecraft:killed":{"minecraft:pig":4,"minecraft:creeper":1,"minecraft:sheep":1,"minecraft:skeleton":2,"minecraft:zombie":3,"minecraft:silverfish":2,"minecraft:cow":1},"minecraft:dropped":{"minecraft:iron_sword":1,"twilightforest:ender_bow":1,"minecraft:wheat_seeds":1,"farmersdelight:skillet":1,"minecraft:rotten_flesh":1,"minecraft:iron_horse_armor":1,"minecraft:pumpkin_seeds":1,"minecraft:stick":8,"minecraft:cornflower":1,"minecraft:mutton":2,"minecraft:wooden_pickaxe":1,"minecraft:white_wool":1,"minecraft:bone":1},"minecraft:killed_by":{"minecraft:player":1,"minecraft:witch":1},"minecraft:crafted":{"minecraft:stone_shovel":1,"minecraft:crafting_table":1,"farmersdelight:iron_knife":1,"minecraft:wooden_pickaxe":1,"minecraft:iron_sword":1,"minecraft:stone_axe":1,"farmersdelight:cutting_board":1,"minecraft:shield":1,"minecraft:stick":28,"minecraft:stone_pickaxe":1,"minecraft:stone_sword":1,"minecraft:acacia_planks":44},"minecraft:picked_up":{"minecraft:crafting_table":1,"minecraft:leather_chestplate":1,"minecraft:cooked_beef":12,"minecraft:golden_pickaxe":1,"minecraft:leather":2,"minecraft:acacia_wood":11,"create:raw_zinc":3,"minecraft:magenta_bed":1,"minecraft:gunpowder":4,"farmersdelight:skillet":1,"minecraft:cornflower":1,"farmersdelight:flint_knife":1,"farmersdelight:cutting_board":1,"minecraft:bone":3,"botania:magenta_mystical_flower":1,"paraglider:deku_leaf":1,"minecraft:acacia_planks":1,"minecraft:blue_orchid":2,"minecraft:bow":1,"minecraft:wheat_seeds":3,"minecraft:candle":1,"minecraft:cobbled_deepslate":195,"farmersdelight:pumpkin_slice":45,"minecraft:stone_pickaxe":1,"minecraft:beef":2,"minecraft:iron_ingot":4,"farmersdelight:straw":1,"artifacts:antidote_vessel":1,"minecraft:iron_pickaxe":1,"minecraft:iron_sword":1,"botania:gray_mystical_flower":1,"minecraft:pumpkin":7,"minecraft:sweet_berries":44,"minecraft:gravel":2,"minecraft:torch":17,"sophisticatedbackpacks:backpack":1,"artifacts:vampiric_glove":2,"minecraft:porkchop":8,"minecraft:carrot":1,"minecraft:redstone":4,"farmersdelight:ham":2,"minecraft:iron_horse_armor":2,"minecraft:pumpkin_seeds":1,"minecraft:stone_sword":1,"minecraft:arrow":3,"minecraft:purple_bed":3,"minecraft:rotten_flesh":1,"minecraft:stone_axe":1,"minecraft:bread":7,"minecraft:mutton":2,"minecraft:skeleton_skull":1,"minecraft:white_wool":1,"minecraft:cobblestone":11},"minecraft:mined":{"minecraft:infested_deepslate":1,"create:deepslate_zinc_ore":3,"minecraft:cornflower":1,"minecraft:torch":1,"minecraft:tall_grass":6,"minecraft:cobblestone":2,"minecraft:wall_torch":3,"minecraft:purple_bed":3,"minecraft:magenta_bed":1,"minecraft:cobbled_deepslate":1,"minecraft:nether_sprouts":1,"farmersdelight:cutting_board":1,"minecraft:sweet_berry_bush":9,"minecraft:acacia_wood":12,"minecraft:pumpkin":6,"minecraft:grass":9,"minecraft:gravel":2,"botania:gray_mystical_flower":1,"minecraft:acacia_planks":1,"minecraft:stone":9,"minecraft:deepslate":193,"minecraft:oak_leaves":1,"minecraft:fern":2},"minecraft:custom":{"minecraft:mob_kills":14,"minecraft:interact_with_crafting_table":10,"minecraft:open_barrel":5,"minecraft:eat_cake_slice":2,"minecraft:leave_game":4,"minecraft:time_since_death":6788,"minecraft:sleep_in_bed":3,"minecraft:climb_one_cm":1170,"minecraft:time_since_rest":6859,"minecraft:waystone_activated":1,"minecraft:sprint_one_cm":123946,"minecraft:trigger_trapped_chest":1,"minecraft:damage_taken":1929,"minecraft:walk_one_cm":300483,"minecraft:damage_blocked_by_shield":90,"minecraft:drop":13,"minecraft:damage_dealt":2056,"minecraft:swim_one_cm":2675,"minecraft:talked_to_villager":4,"minecraft:fly_one_cm":106024,"minecraft:open_chest":9,"minecraft:crouch_one_cm":1547,"minecraft:play_time":110056,"minecraft:deaths":3,"minecraft:sneak_time":658,"minecraft:walk_under_water_one_cm":5931,"minecraft:jump":1071,"minecraft:walk_on_water_one_cm":15382,"minecraft:total_world_time":110056,"minecraft:fall_one_cm":24858},"minecraft:used":{"farmersdelight:iron_knife":19,"minecraft:stone_sword":55,"botania:gray_mystical_flower":1,"minecraft:wooden_pickaxe":10,"minecraft:shield":3,"farmersdelight:pumpkin_slice":17,"minecraft:torch":6,"minecraft:crafting_table":1,"minecraft:carrot":1,"minecraft:apple":2,"carryon:entity_item":19,"minecraft:iron_pickaxe":167,"minecraft:blue_orchid":2,"twilightforest:ender_bow":1,"minecraft:gravel":2,"farmersdelight:ham":2,"minecraft:stone_axe":19,"farmersdelight:cutting_board":1,"minecraft:cobblestone":2,"minecraft:bow":2,"minecraft:purple_bed":2,"minecraft:sweet_berries":49,"minecraft:porkchop":3,"botania:magenta_mystical_flower":1,"minecraft:golden_pickaxe":32,"minecraft:chainmail_leggings":1,"minecraft:cobbled_deepslate":10,"minecraft:acacia_planks":5,"minecraft:candle":1}},"DataVersion":2975}