{"stats":{"minecraft:killed":{"minecraft:cave_spider":3,"minecraft:skeleton":2,"minecraft:silverfish":3,"artifacts:mimic":1,"minecraft:pig":5,"minecraft:creeper":1,"twilightforest:skeleton_druid":4,"minecraft:sheep":1,"minecraft:zombie":4,"minecraft:cow":1,"twilightforest:naga":1,"twilightforest:kobold":4,"twilightforest:bighorn_sheep":1},"minecraft:used":{"minecraft:jack_o_lantern":1,"minecraft:ladder":11,"minecraft:shield":3,"minecraft:iron_sword":83,"minecraft:carrot":5,"minecraft:milk_bucket":2,"farmersdelight:tomato":3,"minecraft:blue_orchid":2,"minecraft:iron_helmet":1,"twilightforest:ender_bow":1,"botania:cyan_mystical_flower":1,"minecraft:rabbit_stew":1,"carryon:tile_item":2,"farmersdelight:cutting_board":1,"minecraft:bow":2,"minecraft:sweet_berries":144,"minecraft:potato":22,"botania:gray_mystical_flower":1,"minecraft:stone_pickaxe":226,"minecraft:wooden_pickaxe":10,"minecraft:blue_bed":1,"farmersdelight:pumpkin_slice":61,"minecraft:cookie":10,"minecraft:golden_apple":1,"minecraft:mushroom_stew":1,"minecraft:bread":10,"minecraft:gravel":2,"farmersdelight:ham":3,"mca:cross_headstone":1,"botania:magenta_mystical_flower":1,"supplementaries:soap":1,"minecraft:golden_pickaxe":32,"minecraft:stone_sword":55,"minecraft:stone_shovel":4,"minecraft:stick":1,"minecraft:torch":30,"minecraft:dirt":3,"twilightforest:mossy_etched_nagastone":1,"minecraft:purple_banner":1,"carryon:entity_item":36,"minecraft:iron_boots":1,"supplementaries:statue":2,"minecraft:acacia_planks":5,"minecraft:cooked_beef":7,"minecraft:cobbled_deepslate":78,"minecraft:pumpkin":1,"farmersdelight:iron_knife":19,"minecraft:water_bucket":27,"minecraft:polished_andesite":1,"minecraft:cobblestone_slab":29,"minecraft:salmon":7,"minecraft:crafting_table":6,"minecraft:magenta_bed":3,"minecraft:cake":1,"farmersdelight:apple_cider":1,"minecraft:apple":2,"farmersdelight:pasta_with_meatballs":2,"minecraft:iron_pickaxe":628,"minecraft:spruce_trapdoor":7,"minecraft:stone_axe":57,"minecraft:cobblestone":8,"minecraft:purple_bed":2,"minecraft:porkchop":3,"minecraft:bucket":28,"minecraft:pumpkin_pie":3,"minecraft:candle":1,"minecraft:chainmail_leggings":1},"minecraft:picked_up":{"minecraft:wheat":24,"artifacts:bunny_hoppers":2,"twilightforest:naga_trophy":4,"farmersdelight:rice_panicle":1,"farmersdelight:cutting_board":1,"minecraft:string":11,"minecraft:purple_banner":2,"paraglider:deku_leaf":2,"minecraft:cobbled_deepslate":1082,"minecraft:gold_nugget":62,"minecraft:bucket":2,"minecraft:spruce_planks":25,"minecraft:cobblestone_slab":7,"minecraft:written_book":7,"minecraft:iron_pickaxe":5,"farmersdelight:pasta_with_meatballs":4,"minecraft:furnace":1,"twilightforest:firefly_jar":3,"minecraft:iron_boots":4,"minecraft:stick":8,"minecraft:torch":66,"minecraft:porkchop":10,"minecraft:stone_sword":1,"minecraft:rotten_flesh":2,"alexsmobs:flying_fish_boots":3,"artifacts:panic_necklace":3,"supplementaries:ash":12,"alexsmobs:flying_fish":2,"minecraft:cobblestone":111,"minecraft:leather_chestplate":1,"minecraft:cooked_beef":14,"twilightforest:twilight_oak_log":2,"minecraft:water_bucket":1,"minecraft:brown_wool":2,"minecraft:potato":12,"supplementaries:soap":1,"paraglider:spirit_orb":4,"minecraft:tuff":60,"create:raw_zinc":3,"twilightforest:mossy_nagastone_pillar":4,"minecraft:magenta_bed":4,"minecraft:lapis_lazuli":18,"farmersdelight:tomato":3,"minecraft:dirt":9,"minecraft:bone":9,"minecraft:acacia_planks":1,"botania:cyan_mystical_flower":3,"minecraft:bow":1,"minecraft:orange_tulip":1,"minecraft:wheat_seeds":8,"farmersdelight:pumpkin_slice":89,"minecraft:mossy_stone_bricks":5,"artifacts:antidote_vessel":1,"botania:gray_mystical_flower":1,"minecraft:oak_planks":6,"minecraft:mossy_stone_brick_stairs":3,"minecraft:cooked_porkchop":6,"twilightforest:naga_chestplate":4,"farmersdelight:ham":3,"artifacts:plastic_drinking_hat":3,"twilightforest:mossy_etched_nagastone":6,"minecraft:polished_andesite":2,"twilightforest:twilight_oak_sapling":26,"supplementaries:bubble_blower":2,"minecraft:bread":7,"minecraft:jack_o_lantern":1,"twilightforest:torchberries":1,"minecraft:crafting_table":4,"minecraft:ladder":1,"minecraft:golden_pickaxe":1,"minecraft:brown_mushroom":1,"twilightforest:nagastone":4,"minecraft:cornflower":1,"minecraft:iron_axe":2,"supplementaries:statue":2,"botania:magenta_mystical_flower":1,"artifacts:fire_gauntlet":1,"minecraft:blue_orchid":2,"minecraft:cracked_stone_bricks":3,"minecraft:candle":1,"minecraft:beef":2,"farmersdelight:straw":1,"minecraft:iron_nugget":5,"minecraft:poppy":7,"minecraft:spruce_trapdoor":7,"minecraft:egg":1,"minecraft:raw_iron":10,"artifacts:charm_of_sinking":1,"minecraft:bowl":4,"sophisticatedbackpacks:backpack":1,"artifacts:vampiric_glove":3,"minecraft:cookie":20,"minecraft:carrot":10,"minecraft:redstone":4,"minecraft:iron_horse_armor":2,"artifacts:snorkel":3,"minecraft:arrow":4,"minecraft:stone_shovel":1,"minecraft:cooked_cod":4,"minecraft:pumpkin_pie":6,"twilightforest:cicada":1,"twilightforest:etched_nagastone":3,"minecraft:mutton":4,"minecraft:skeleton_skull":1,"minecraft:white_wool":1,"minecraft:golden_carrot":1,"minecraft:leather":2,"minecraft:red_mushroom":1,"minecraft:acacia_wood":11,"bhc:yellow_heart":1,"supplementaries:rope_arrow":1,"minecraft:gunpowder":19,"minecraft:cobblestone_stairs":1,"farmersdelight:skillet":1,"farmersdelight:flint_knife":1,"minecraft:blue_bed":1,"minecraft:red_carpet":2,"minecraft:apple":2,"minecraft:stone_bricks":11,"farmersdelight:apple_cider":1,"minecraft:iron_ingot":5,"minecraft:stone_pickaxe":3,"minecraft:cobweb":5,"artifacts:kitty_slippers":3,"minecraft:iron_sword":4,"minecraft:flowering_azalea":3,"twilightforest:nagastone_pillar":7,"minecraft:sweet_berries":97,"minecraft:pumpkin":19,"minecraft:dandelion":3,"minecraft:gravel":2,"twilightforest:cracked_nagastone_pillar":2,"minecraft:spruce_log":20,"minecraft:pumpkin_seeds":1,"minecraft:purple_bed":3,"minecraft:stone_axe":2,"minecraft:iron_helmet":2,"twilightforest:spiral_bricks":9,"twilightforest:naga_leggings":2},"minecraft:killed_by":{"minecraft:cave_spider":1,"minecraft:witch":1,"minecraft:player":1,"twilightforest:slime_beetle":1,"twilightforest:pinch_beetle":1},"minecraft:crafted":{"minecraft:cobblestone_slab":30,"supplementaries:soap":12,"minecraft:diamond_leggings":1,"minecraft:white_banner":1,"minecraft:crafting_table":3,"farmersdelight:iron_knife":1,"minecraft:wooden_pickaxe":1,"mca:cross_headstone":1,"farmersdelight:cutting_board":1,"minecraft:shield":1,"minecraft:stick":44,"minecraft:iron_ingot":5,"minecraft:stone_sword":1,"minecraft:stone_shovel":1,"minecraft:iron_nugget":9,"mca:bouquet":1,"minecraft:stone_pickaxe":3,"minecraft:iron_sword":1,"minecraft:bucket":1,"minecraft:stone_axe":1,"minecraft:air":0,"twilightforest:naga_chestplate":1,"supplementaries:bubble_blower":8,"minecraft:acacia_planks":44,"minecraft:diamond_chestplate":1},"minecraft:mined":{"create:deepslate_zinc_ore":3,"minecraft:spruce_trapdoor":7,"minecraft:grass_block":2,"minecraft:spawner":2,"minecraft:cobbled_deepslate":3,"minecraft:pumpkin":18,"minecraft:deepslate_lapis_ore":2,"farmersdelight:rice_panicles":1,"minecraft:torch":7,"minecraft:poppy":7,"twilightforest:twilight_oak_log":3,"minecraft:cobblestone":3,"minecraft:oak_planks":1,"minecraft:wall_torch":11,"mca:cross_headstone":1,"farmersdelight:cutting_board":1,"minecraft:magenta_bed":3,"minecraft:orange_tulip":1,"minecraft:grass":13,"minecraft:dirt":7,"minecraft:oak_leaves":3,"minecraft:deepslate":637,"minecraft:infested_deepslate":1,"minecraft:tuff":30,"minecraft:jack_o_lantern":1,"minecraft:ladder":1,"minecraft:spruce_leaves":2,"minecraft:nether_sprouts":1,"minecraft:acacia_wood":12,"twilightforest:twilight_oak_leaves":4,"twilightforest:firefly_jar":1,"minecraft:cobblestone_slab":5,"minecraft:deepslate_iron_ore":5,"minecraft:packed_ice":40,"minecraft:stone":100,"supplementaries:statue":1,"minecraft:crafting_table":3,"minecraft:cornflower":1,"minecraft:purple_wall_banner":1,"minecraft:tall_grass":28,"minecraft:blue_bed":1,"supplementaries:urn":6,"botania:cyan_mystical_flower":3,"minecraft:purple_bed":3,"minecraft:sweet_berry_bush":20,"minecraft:spruce_log":21,"minecraft:gravel":2,"botania:gray_mystical_flower":1,"minecraft:acacia_planks":1,"minecraft:fern":4},"minecraft:custom":{"minecraft:interact_with_crafting_table":28,"minecraft:open_barrel":28,"minecraft:eat_cake_slice":2,"minecraft:leave_game":10,"minecraft:time_since_death":2932,"minecraft:damage_resisted":458,"minecraft:sprint_one_cm":482851,"minecraft:damage_blocked_by_shield":90,"minecraft:drop":69,"minecraft:talked_to_villager":13,"minecraft:play_time":401029,"minecraft:deaths":6,"minecraft:jump":3239,"minecraft:interact_with_brewingstand":3,"minecraft:walk_on_water_one_cm":29944,"minecraft:interact_with_furnace":8,"minecraft:sleep_in_bed":11,"minecraft:waystone_activated":3,"minecraft:damage_dealt":6125,"minecraft:crouch_one_cm":8412,"minecraft:interact_with_smoker":1,"minecraft:mob_kills":27,"minecraft:climb_one_cm":29969,"minecraft:walk_one_cm":987377,"minecraft:sneak_time":3970,"minecraft:walk_under_water_one_cm":26183,"minecraft:total_world_time":401029,"minecraft:time_since_rest":2974,"minecraft:damage_taken":7181,"minecraft:damage_absorbed":40,"minecraft:trigger_trapped_chest":5,"minecraft:swim_one_cm":3204,"minecraft:fly_one_cm":410327,"minecraft:open_chest":62,"minecraft:fall_one_cm":70438},"minecraft:broken":{"minecraft:iron_boots":1,"minecraft:stone_pickaxe":2,"minecraft:iron_pickaxe":2,"minecraft:iron_helmet":1,"minecraft:golden_pickaxe":1},"minecraft:dropped":{"twilightforest:nagastone":4,"minecraft:iron_sword":2,"mca:bouquet":1,"minecraft:mossy_stone_brick_stairs":3,"minecraft:iron_horse_armor":1,"minecraft:cracked_stone_bricks":3,"twilightforest:naga_scale":16,"alexsmobs:flying_fish_boots":1,"minecraft:cobblestone_stairs":1,"minecraft:cornflower":1,"twilightforest:mossy_nagastone_pillar":4,"minecraft:mutton":3,"artifacts:charm_of_sinking":1,"twilightforest:naga_leggings":1,"minecraft:white_wool":1,"minecraft:bone":1,"minecraft:purple_banner":1,"minecraft:rotten_flesh":2,"paraglider:deku_leaf":1,"supplementaries:soap":1,"mca:villager_editor":2,"twilightforest:cracked_nagastone_pillar":2,"mca:book_infection":1,"minecraft:written_book":5,"twilightforest:nagastone_pillar":7,"minecraft:wheat_seeds":6,"farmersdelight:skillet":1,"minecraft:cobblestone":44,"twilightforest:naga_chestplate":1,"twilightforest:twilight_oak_sapling":8,"twilightforest:etched_nagastone":3,"minecraft:stick":9,"twilightforest:naga_trophy":2,"twilightforest:spiral_bricks":9,"minecraft:brown_wool":2,"artifacts:plastic_drinking_hat":1,"minecraft:white_banner":1,"sophisticatedbackpacks:jukebox_upgrade":1,"minecraft:music_disc_cat":1,"artifacts:bunny_hoppers":1,"minecraft:dandelion":2,"farmersdelight:pasta_with_meatballs":1,"minecraft:furnace":1,"twilightforest:ender_bow":1,"minecraft:bowl":1,"minecraft:pumpkin_seeds":1,"twilightforest:mossy_etched_nagastone":5,"minecraft:mossy_stone_bricks":5,"supplementaries:bubble_blower":1,"minecraft:stone_bricks":11,"minecraft:wooden_pickaxe":1,"artifacts:fire_gauntlet":1}},"DataVersion":2975}