{"stats":{"minecraft:mined":{"botania:gray_mystical_flower":1,"minecraft:acacia_wood":6,"minecraft:tall_grass":1,"minecraft:fern":1},"minecraft:used":{"botania:gray_mystical_flower":1,"minecraft:carrot":1,"carryon:entity_item":13,"farmersdelight:ham":1,"farmersdelight:pumpkin_slice":7},"minecraft:picked_up":{"minecraft:crafting_table":1,"minecraft:wheat_seeds":1,"minecraft:acacia_wood":6,"farmersdelight:pumpkin_slice":17,"minecraft:carrot":1,"farmersdelight:ham":1,"botania:gray_mystical_flower":1},"minecraft:killed_by":{"minecraft:player":1},"minecraft:custom":{"minecraft:time_since_rest":16516,"minecraft:crouch_one_cm":456,"minecraft:sprint_one_cm":46238,"minecraft:play_time":26975,"minecraft:damage_taken":425,"minecraft:deaths":1,"minecraft:walk_one_cm":48099,"minecraft:sneak_time":293,"minecraft:walk_under_water_one_cm":2196,"minecraft:jump":273,"minecraft:damage_dealt":40,"minecraft:leave_game":1,"minecraft:walk_on_water_one_cm":3790,"minecraft:time_since_death":21108,"minecraft:sleep_in_bed":1,"minecraft:total_world_time":26975,"minecraft:swim_one_cm":715,"minecraft:fall_one_cm":7769,"minecraft:fly_one_cm":44286},"minecraft:crafted":{"minecraft:acacia_planks":24,"minecraft:crafting_table":1}},"DataVersion":2975}