{"stats":{"minecraft:mined":{"minecraft:cornflower":1,"minecraft:cobblestone":1,"minecraft:tall_grass":2,"minecraft:purple_bed":1,"minecraft:nether_sprouts":1,"minecraft:acacia_wood":12,"minecraft:pumpkin":6,"minecraft:grass":2,"botania:gray_mystical_flower":1,"minecraft:stone":9,"minecraft:oak_leaves":1,"minecraft:fern":1},"minecraft:used":{"minecraft:stone_sword":12,"botania:gray_mystical_flower":1,"minecraft:wooden_pickaxe":10,"minecraft:shield":3,"farmersdelight:pumpkin_slice":11,"minecraft:crafting_table":1,"minecraft:carrot":1,"minecraft:apple":2,"minecraft:blue_orchid":2,"carryon:entity_item":19,"farmersdelight:ham":1,"minecraft:stone_axe":17,"minecraft:cobblestone":1,"minecraft:bow":2,"minecraft:sweet_berries":9,"minecraft:porkchop":3,"botania:magenta_mystical_flower":1},"minecraft:picked_up":{"minecraft:crafting_table":1,"minecraft:acacia_wood":11,"minecraft:cornflower":1,"farmersdelight:flint_knife":1,"botania:magenta_mystical_flower":1,"minecraft:blue_orchid":2,"minecraft:bow":1,"minecraft:wheat_seeds":2,"farmersdelight:pumpkin_slice":17,"minecraft:iron_ingot":4,"minecraft:stone_pickaxe":1,"minecraft:iron_pickaxe":1,"botania:gray_mystical_flower":1,"minecraft:pumpkin":7,"minecraft:sweet_berries":24,"minecraft:porkchop":3,"minecraft:carrot":1,"farmersdelight:ham":1,"minecraft:stone_sword":1,"minecraft:pumpkin_seeds":1,"minecraft:arrow":2,"minecraft:purple_bed":1,"minecraft:stone_axe":1,"minecraft:cobblestone":11},"minecraft:killed_by":{"minecraft:player":1,"minecraft:witch":1},"minecraft:dropped":{"minecraft:wheat_seeds":1,"minecraft:pumpkin_seeds":1,"minecraft:cornflower":1,"minecraft:wooden_pickaxe":1},"minecraft:custom":{"minecraft:mob_kills":3,"minecraft:interact_with_crafting_table":8,"minecraft:leave_game":2,"minecraft:time_since_death":19520,"minecraft:sleep_in_bed":1,"minecraft:climb_one_cm":1170,"minecraft:time_since_rest":19548,"minecraft:waystone_activated":1,"minecraft:sprint_one_cm":91527,"minecraft:damage_taken":982,"minecraft:walk_one_cm":157072,"minecraft:damage_blocked_by_shield":90,"minecraft:drop":4,"minecraft:damage_dealt":564,"minecraft:swim_one_cm":2675,"minecraft:talked_to_villager":4,"minecraft:fly_one_cm":81135,"minecraft:open_chest":7,"minecraft:crouch_one_cm":1485,"minecraft:play_time":49632,"minecraft:deaths":2,"minecraft:sneak_time":527,"minecraft:walk_under_water_one_cm":3598,"minecraft:jump":617,"minecraft:walk_on_water_one_cm":11387,"minecraft:total_world_time":49632,"minecraft:fall_one_cm":15150},"minecraft:killed":{"minecraft:pig":2,"minecraft:skeleton":1},"minecraft:crafted":{"minecraft:stone_shovel":1,"minecraft:crafting_table":1,"farmersdelight:iron_knife":1,"minecraft:wooden_pickaxe":1,"minecraft:iron_sword":1,"minecraft:stone_axe":1,"minecraft:shield":1,"minecraft:stick":20,"minecraft:stone_pickaxe":1,"minecraft:stone_sword":1,"minecraft:acacia_planks":44}},"DataVersion":2975}