{"stats":{"minecraft:killed_by":{"minecraft:player":1,"minecraft:cave_spider":1,"minecraft:witch":1},"minecraft:killed":{"minecraft:cave_spider":3,"minecraft:skeleton":2,"minecraft:silverfish":3,"artifacts:mimic":1,"minecraft:pig":5,"minecraft:creeper":1,"minecraft:sheep":1,"minecraft:zombie":4,"minecraft:cow":1},"minecraft:used":{"minecraft:jack_o_lantern":1,"minecraft:stone_sword":55,"minecraft:stone_shovel":3,"minecraft:ladder":11,"minecraft:shield":3,"minecraft:iron_sword":27,"minecraft:stick":1,"minecraft:torch":22,"minecraft:dirt":2,"minecraft:carrot":5,"minecraft:purple_banner":1,"farmersdelight:tomato":3,"minecraft:blue_orchid":2,"carryon:entity_item":32,"twilightforest:ender_bow":1,"botania:cyan_mystical_flower":1,"minecraft:rabbit_stew":1,"carryon:tile_item":2,"farmersdelight:cutting_board":1,"minecraft:bow":2,"minecraft:sweet_berries":144,"minecraft:potato":22,"supplementaries:statue":2,"minecraft:cobbled_deepslate":78,"minecraft:acacia_planks":5,"minecraft:pumpkin":1,"farmersdelight:iron_knife":19,"botania:gray_mystical_flower":1,"minecraft:stone_pickaxe":226,"minecraft:wooden_pickaxe":10,"minecraft:blue_bed":1,"farmersdelight:pumpkin_slice":24,"minecraft:cobblestone_slab":29,"minecraft:cookie":10,"minecraft:salmon":7,"minecraft:golden_apple":1,"minecraft:crafting_table":6,"minecraft:magenta_bed":3,"minecraft:cake":1,"minecraft:apple":2,"farmersdelight:pasta_with_meatballs":1,"minecraft:bread":10,"minecraft:iron_pickaxe":584,"minecraft:spruce_trapdoor":7,"minecraft:gravel":2,"farmersdelight:ham":3,"minecraft:stone_axe":53,"minecraft:cobblestone":7,"mca:cross_headstone":1,"minecraft:purple_bed":2,"minecraft:porkchop":3,"botania:magenta_mystical_flower":1,"minecraft:bucket":1,"minecraft:pumpkin_pie":3,"supplementaries:soap":1,"minecraft:golden_pickaxe":32,"minecraft:candle":1,"minecraft:chainmail_leggings":1},"minecraft:dropped":{"minecraft:iron_sword":1,"minecraft:wheat_seeds":3,"farmersdelight:skillet":1,"mca:bouquet":1,"minecraft:cobblestone":44,"minecraft:iron_horse_armor":1,"minecraft:stick":9,"minecraft:cornflower":1,"minecraft:mutton":2,"artifacts:charm_of_sinking":1,"sophisticatedbackpacks:jukebox_upgrade":1,"minecraft:white_wool":1,"minecraft:music_disc_cat":1,"minecraft:bone":1,"farmersdelight:pasta_with_meatballs":1,"minecraft:furnace":1,"twilightforest:ender_bow":1,"minecraft:bowl":1,"minecraft:rotten_flesh":2,"minecraft:pumpkin_seeds":1,"paraglider:deku_leaf":1,"supplementaries:soap":1,"mca:villager_editor":2,"supplementaries:bubble_blower":1,"mca:book_infection":1,"minecraft:wooden_pickaxe":1,"artifacts:fire_gauntlet":1},"minecraft:picked_up":{"minecraft:crafting_table":4,"minecraft:ladder":1,"minecraft:golden_pickaxe":1,"farmersdelight:rice_panicle":1,"farmersdelight:cutting_board":1,"minecraft:cornflower":1,"minecraft:string":8,"supplementaries:statue":2,"paraglider:deku_leaf":2,"minecraft:purple_banner":1,"botania:magenta_mystical_flower":1,"artifacts:fire_gauntlet":1,"minecraft:blue_orchid":2,"minecraft:candle":1,"minecraft:gold_nugget":56,"minecraft:cobbled_deepslate":1082,"minecraft:bucket":2,"minecraft:spruce_planks":25,"minecraft:beef":2,"farmersdelight:straw":1,"minecraft:cobblestone_slab":7,"farmersdelight:pasta_with_meatballs":2,"minecraft:iron_nugget":5,"minecraft:poppy":7,"minecraft:iron_pickaxe":5,"minecraft:spruce_trapdoor":7,"minecraft:iron_boots":2,"minecraft:furnace":1,"minecraft:stick":2,"minecraft:raw_iron":10,"artifacts:charm_of_sinking":1,"minecraft:torch":31,"minecraft:bowl":1,"sophisticatedbackpacks:backpack":1,"artifacts:vampiric_glove":3,"minecraft:porkchop":10,"minecraft:cookie":20,"minecraft:carrot":3,"minecraft:redstone":4,"minecraft:iron_horse_armor":2,"artifacts:snorkel":2,"minecraft:stone_sword":1,"minecraft:arrow":4,"minecraft:rotten_flesh":2,"minecraft:pumpkin_pie":6,"supplementaries:ash":12,"artifacts:panic_necklace":2,"minecraft:mutton":2,"alexsmobs:flying_fish":2,"minecraft:skeleton_skull":1,"minecraft:white_wool":1,"minecraft:cobblestone":110,"minecraft:leather_chestplate":1,"minecraft:cooked_beef":12,"minecraft:water_bucket":1,"minecraft:leather":2,"minecraft:acacia_wood":11,"minecraft:potato":12,"supplementaries:soap":1,"minecraft:tuff":60,"create:raw_zinc":3,"farmersdelight:tomato":3,"minecraft:magenta_bed":4,"minecraft:gunpowder":19,"farmersdelight:skillet":1,"minecraft:dirt":8,"minecraft:lapis_lazuli":18,"farmersdelight:flint_knife":1,"minecraft:blue_bed":1,"minecraft:bone":4,"minecraft:acacia_planks":1,"botania:cyan_mystical_flower":3,"minecraft:bow":1,"minecraft:wheat_seeds":5,"minecraft:orange_tulip":1,"farmersdelight:pumpkin_slice":89,"minecraft:stone_pickaxe":3,"minecraft:iron_ingot":5,"minecraft:cobweb":5,"artifacts:kitty_slippers":2,"artifacts:antidote_vessel":1,"botania:gray_mystical_flower":1,"minecraft:iron_sword":1,"minecraft:oak_planks":6,"minecraft:pumpkin":19,"minecraft:sweet_berries":97,"minecraft:gravel":2,"minecraft:spruce_log":20,"farmersdelight:ham":3,"minecraft:pumpkin_seeds":1,"minecraft:purple_bed":3,"minecraft:stone_axe":1,"minecraft:iron_helmet":2,"supplementaries:bubble_blower":2,"minecraft:bread":7,"minecraft:jack_o_lantern":1},"minecraft:mined":{"minecraft:infested_deepslate":1,"create:deepslate_zinc_ore":3,"minecraft:tuff":30,"minecraft:jack_o_lantern":1,"minecraft:spruce_trapdoor":7,"minecraft:ladder":1,"minecraft:grass_block":1,"minecraft:spruce_leaves":2,"minecraft:nether_sprouts":1,"minecraft:cobbled_deepslate":3,"minecraft:acacia_wood":12,"minecraft:pumpkin":18,"minecraft:deepslate_lapis_ore":2,"minecraft:deepslate_iron_ore":5,"minecraft:cobblestone_slab":5,"minecraft:stone":100,"supplementaries:statue":1,"minecraft:crafting_table":3,"minecraft:cornflower":1,"minecraft:torch":4,"minecraft:purple_wall_banner":1,"minecraft:poppy":7,"minecraft:tall_grass":16,"minecraft:cobblestone":2,"minecraft:wall_torch":11,"minecraft:blue_bed":1,"mca:cross_headstone":1,"supplementaries:urn":6,"botania:cyan_mystical_flower":3,"minecraft:purple_bed":3,"farmersdelight:cutting_board":1,"minecraft:sweet_berry_bush":20,"minecraft:magenta_bed":3,"minecraft:spruce_log":21,"minecraft:orange_tulip":1,"minecraft:grass":12,"minecraft:gravel":2,"minecraft:dirt":7,"botania:gray_mystical_flower":1,"minecraft:acacia_planks":1,"minecraft:oak_leaves":3,"minecraft:deepslate":637,"minecraft:fern":2},"minecraft:broken":{"minecraft:stone_pickaxe":2,"minecraft:iron_pickaxe":2,"minecraft:golden_pickaxe":1},"minecraft:custom":{"minecraft:mob_kills":18,"minecraft:interact_with_crafting_table":25,"minecraft:open_barrel":19,"minecraft:eat_cake_slice":2,"minecraft:leave_game":8,"minecraft:time_since_death":146550,"minecraft:climb_one_cm":15354,"minecraft:sprint_one_cm":338159,"minecraft:walk_one_cm":749437,"minecraft:damage_blocked_by_shield":90,"minecraft:drop":32,"minecraft:talked_to_villager":13,"minecraft:play_time":313399,"minecraft:sneak_time":3627,"minecraft:deaths":4,"minecraft:walk_under_water_one_cm":10127,"minecraft:jump":2325,"minecraft:interact_with_brewingstand":3,"minecraft:walk_on_water_one_cm":25009,"minecraft:total_world_time":313399,"minecraft:interact_with_furnace":6,"minecraft:sleep_in_bed":9,"minecraft:time_since_rest":8528,"minecraft:waystone_activated":3,"minecraft:damage_taken":4891,"minecraft:damage_absorbed":40,"minecraft:trigger_trapped_chest":1,"minecraft:damage_dealt":4546,"minecraft:swim_one_cm":3204,"minecraft:fly_one_cm":238827,"minecraft:open_chest":27,"minecraft:crouch_one_cm":7818,"minecraft:fall_one_cm":51356},"minecraft:crafted":{"minecraft:cobblestone_slab":30,"minecraft:stone_shovel":1,"minecraft:iron_nugget":9,"supplementaries:soap":12,"mca:bouquet":1,"minecraft:stone_pickaxe":3,"minecraft:crafting_table":3,"farmersdelight:iron_knife":1,"minecraft:wooden_pickaxe":1,"minecraft:iron_sword":1,"mca:cross_headstone":1,"minecraft:bucket":1,"minecraft:stone_axe":1,"minecraft:air":0,"farmersdelight:cutting_board":1,"minecraft:shield":1,"minecraft:stick":44,"minecraft:iron_ingot":5,"supplementaries:bubble_blower":6,"minecraft:stone_sword":1,"minecraft:acacia_planks":44}},"DataVersion":2975}