{"stats":{"minecraft:killed_by":{"minecraft:player":1},"minecraft:custom":{"minecraft:jump":71,"minecraft:damage_dealt":20,"minecraft:time_since_rest":3327,"minecraft:damage_taken":220,"minecraft:leave_game":1,"minecraft:crouch_one_cm":105,"minecraft:time_since_death":3301,"minecraft:play_time":9168,"minecraft:sprint_one_cm":14739,"minecraft:walk_one_cm":10100,"minecraft:walk_on_water_one_cm":206,"minecraft:deaths":1,"minecraft:sneak_time":64,"minecraft:total_world_time":9168,"minecraft:walk_under_water_one_cm":1057,"minecraft:fall_one_cm":2972,"minecraft:fly_one_cm":12764},"minecraft:used":{"carryon:entity_item":1},"minecraft:picked_up":{"minecraft:crafting_table":1}},"DataVersion":2975}