{"stats":{"minecraft:mined":{"minecraft:nether_sprouts":1,"minecraft:acacia_wood":12,"minecraft:cornflower":1,"botania:gray_mystical_flower":1,"minecraft:tall_grass":1,"minecraft:cobblestone":1,"minecraft:stone":9,"minecraft:fern":1},"minecraft:used":{"minecraft:stone_sword":9,"botania:gray_mystical_flower":1,"carryon:entity_item":14,"minecraft:blue_orchid":2,"minecraft:wooden_pickaxe":10,"farmersdelight:ham":1,"farmersdelight:pumpkin_slice":11,"minecraft:stone_axe":6,"minecraft:cobblestone":1,"minecraft:carrot":1,"minecraft:crafting_table":1,"minecraft:porkchop":1},"minecraft:picked_up":{"minecraft:crafting_table":1,"minecraft:acacia_wood":11,"minecraft:porkchop":3,"minecraft:carrot":1,"farmersdelight:ham":1,"minecraft:cornflower":1,"minecraft:stone_sword":1,"minecraft:blue_orchid":2,"minecraft:stone_axe":1,"minecraft:wheat_seeds":2,"farmersdelight:pumpkin_slice":17,"minecraft:stone_pickaxe":1,"minecraft:iron_ingot":4,"minecraft:iron_pickaxe":1,"botania:gray_mystical_flower":1,"minecraft:cobblestone":10},"minecraft:killed_by":{"minecraft:player":1,"minecraft:witch":1},"minecraft:dropped":{"minecraft:wheat_seeds":1,"minecraft:cornflower":1,"minecraft:wooden_pickaxe":1},"minecraft:custom":{"minecraft:time_since_rest":7548,"minecraft:sprint_one_cm":67305,"minecraft:damage_taken":735,"minecraft:walk_one_cm":92590,"minecraft:mob_kills":2,"minecraft:drop":3,"minecraft:damage_dealt":342,"minecraft:interact_with_crafting_table":8,"minecraft:swim_one_cm":715,"minecraft:talked_to_villager":2,"minecraft:fly_one_cm":55793,"minecraft:open_chest":4,"minecraft:crouch_one_cm":985,"minecraft:play_time":37632,"minecraft:deaths":2,"minecraft:sneak_time":368,"minecraft:walk_under_water_one_cm":3100,"minecraft:jump":392,"minecraft:leave_game":2,"minecraft:time_since_death":7520,"minecraft:walk_on_water_one_cm":7892,"minecraft:sleep_in_bed":1,"minecraft:total_world_time":37632,"minecraft:climb_one_cm":1138,"minecraft:fall_one_cm":9507},"minecraft:killed":{"minecraft:pig":2},"minecraft:crafted":{"minecraft:stone_shovel":1,"minecraft:shield":1,"minecraft:crafting_table":1,"farmersdelight:iron_knife":1,"minecraft:stick":20,"minecraft:wooden_pickaxe":1,"minecraft:stone_pickaxe":1,"minecraft:stone_sword":1,"minecraft:iron_sword":1,"minecraft:acacia_planks":44,"minecraft:stone_axe":1}},"DataVersion":2975}