{"stats":{"minecraft:killed_by":{"minecraft:skeleton":1},"minecraft:killed":{"minecraft:cave_spider":6,"minecraft:witch":1,"minecraft:spider":10,"minecraft:skeleton":46,"minecraft:chicken":1,"minecraft:silverfish":3,"alexsmobs:centipede_head":1,"artifacts:mimic":5,"minecraft:pig":2,"minecraft:creeper":14,"minecraft:sheep":14,"minecraft:pillager":11,"minecraft:zombie":74,"minecraft:cow":10,"mca:female_zombie_villager":1,"mca:male_zombie_villager":1,"minecraft:phantom":1,"minecraft:horse":1,"minecraft:drowned":8,"alexsmobs:flying_fish":11,"alexsmobs:crow":2,"minecraft:enderman":1},"minecraft:used":{"minecraft:iron_shovel":18,"minecraft:chest":2,"minecraft:shield":51,"minecraft:iron_sword":656,"minecraft:mutton":13,"minecraft:carrot":2,"minecraft:tuff":15,"botania:light_gray_mushroom":1,"farmersdelight:sweet_berry_cookie":5,"minecraft:stone_bricks":1,"minecraft:bow":78,"minecraft:sweet_berries":4,"minecraft:furnace":1,"minecraft:stone_pickaxe":51,"minecraft:wooden_pickaxe":5,"minecraft:blue_bed":1,"farmersdelight:pumpkin_slice":34,"minecraft:blast_furnace":1,"waystones:waystone":1,"minecraft:bread":44,"botania:manasteel_pick":1,"minecraft:gravel":7,"minecraft:wooden_sword":25,"minecraft:stone_sword":56,"minecraft:spruce_planks":88,"minecraft:torch":42,"minecraft:dirt":2,"farmersdelight:flint_knife":20,"minecraft:spruce_stairs":20,"minecraft:purple_banner":3,"minecraft:chipped_anvil":2,"minecraft:iron_axe":203,"carryon:entity_item":4,"minecraft:cooked_beef":43,"minecraft:cobbled_deepslate":52,"minecraft:pumpkin":3,"minecraft:cooked_mutton":10,"minecraft:water_bucket":76,"farmersdelight:skillet":2,"minecraft:mossy_cobblestone":6,"minecraft:crafting_table":12,"minecraft:cod":1,"minecraft:spruce_log":135,"minecraft:smoker":1,"minecraft:apple":1,"minecraft:chicken":1,"minecraft:iron_pickaxe":1201,"minecraft:stone_slab":2,"minecraft:spruce_trapdoor":6,"minecraft:stone_axe":147,"minecraft:cobblestone":262,"minecraft:purple_bed":2,"minecraft:cooked_porkchop":5,"minecraft:bucket":76,"minecraft:pumpkin_pie":1,"alexsmobs:animal_dictionary":1},"minecraft:dropped":{"farmersdelight:iron_knife":1,"minecraft:iron_sword":6,"minecraft:cooked_beef":1,"farmersdelight:pumpkin_slice":35,"minecraft:diamond":38,"alexsmobs:flying_fish_boots":1,"minecraft:rail":1,"artifacts:vampiric_glove":2,"artifacts:night_vision_goggles":1,"minecraft:dirt":1,"alexsmobs:flying_fish":5,"minecraft:jack_o_lantern":2,"minecraft:iron_pickaxe":4,"paraglider:paraglider":1,"minecraft:oak_planks":12,"minecraft:arrow":20,"minecraft:iron_ingot":8,"minecraft:bread":20,"farmersdelight:skillet":4,"minecraft:mossy_cobblestone":1,"minecraft:iron_helmet":1,"minecraft:feather":1,"minecraft:spruce_door":1,"minecraft:stick":5,"artifacts:snorkel":1,"botania:manasteel_pick":2,"minecraft:iron_leggings":1,"artifacts:crystal_heart":1,"minecraft:pumpkin":2,"sophisticatedbackpacks:crafting_upgrade":1,"minecraft:acacia_planks":5,"artifacts:digging_claws":1,"minecraft:stone_sword":3,"artifacts:aqua_dashers":1,"sophisticatedbackpacks:backpack":1,"farmersdelight:flint_knife":1,"minecraft:spruce_planks":12,"artifacts:antidote_vessel":1,"artifacts:pocket_piston":1,"minecraft:oak_sapling":2,"minecraft:bow":1,"minecraft:stone_pickaxe":2,"minecraft:wooden_pickaxe":1,"bhc:red_heart":1},"minecraft:picked_up":{"artifacts:bunny_hoppers":1,"minecraft:stone_slab":3,"minecraft:stone_brick_stairs":1,"minecraft:string":42,"minecraft:purple_banner":2,"paraglider:deku_leaf":1,"minecraft:cobbled_deepslate":574,"minecraft:spruce_planks":39,"minecraft:iron_pickaxe":3,"minecraft:stick":4,"minecraft:oak_fence":3,"minecraft:torch":54,"minecraft:spruce_stairs":22,"minecraft:porkchop":3,"botania:manasteel_ingot":4,"minecraft:stone_sword":2,"minecraft:rotten_flesh":79,"supplementaries:antique_ink":2,"supplementaries:ash":24,"minecraft:obsidian":6,"minecraft:cod":1,"alexsmobs:flying_fish":24,"minecraft:cobblestone":304,"minecraft:feather":3,"minecraft:cooked_beef":19,"minecraft:andesite":4,"farmersdelight:safety_net":4,"minecraft:smoker":1,"minecraft:potato":1,"paraglider:spirit_orb":20,"minecraft:flint":3,"minecraft:tuff":83,"create:raw_zinc":18,"supplementaries:flax_seeds":1,"minecraft:lapis_lazuli":127,"minecraft:dirt":52,"bhc:red_heart":10,"minecraft:bone":56,"minecraft:chipped_anvil":3,"farmersdelight:iron_knife":1,"minecraft:bow":5,"minecraft:wheat_seeds":12,"farmersdelight:sweet_berry_cookie":6,"farmersdelight:pumpkin_slice":70,"artifacts:antidote_vessel":1,"minecraft:mossy_stone_bricks":1,"minecraft:oak_planks":29,"minecraft:cooked_porkchop":5,"minecraft:stripped_spruce_log":3,"minecraft:grass_block":1,"alexsmobs:animal_dictionary":2,"minecraft:barrel":1,"minecraft:mossy_cobblestone":18,"minecraft:diamond":62,"artifacts:crystal_heart":1,"waystones:waystone":2,"botania:manasteel_pick":1,"minecraft:bone_meal":2,"minecraft:emerald":7,"minecraft:jack_o_lantern":2,"minecraft:oak_sapling":2,"mca:bouquet":1,"minecraft:crafting_table":10,"minecraft:allium":1,"minecraft:chicken":1,"minecraft:wooden_pickaxe":2,"minecraft:jungle_trapdoor":1,"minecraft:wooden_sword":2,"artifacts:fire_gauntlet":1,"minecraft:beef":22,"minecraft:iron_nugget":12,"minecraft:chest":1,"supplementaries:rope":7,"minecraft:spruce_trapdoor":10,"minecraft:raw_iron":122,"minecraft:spruce_fence":1,"artifacts:vampiric_glove":2,"minecraft:carrot":2,"minecraft:redstone":9,"minecraft:tnt":1,"artifacts:snorkel":1,"minecraft:arrow":75,"minecraft:hay_block":4,"artifacts:pocket_piston":2,"minecraft:gold_ingot":3,"minecraft:mutton":24,"minecraft:white_wool":12,"minecraft:rail":1,"minecraft:tripwire_hook":2,"artifacts:digging_claws":2,"minecraft:glow_ink_sac":2,"minecraft:leather":9,"minecraft:acacia_wood":3,"minecraft:filled_map":1,"botania:light_gray_mushroom":3,"minecraft:oak_log":5,"minecraft:gunpowder":17,"minecraft:cobblestone_stairs":3,"farmersdelight:skillet":4,"mca:book_romance":6,"farmersdelight:flint_knife":1,"minecraft:blue_bed":1,"minecraft:apple":1,"minecraft:stone_bricks":8,"minecraft:stone_pickaxe":1,"minecraft:cobweb":6,"minecraft:iron_sword":7,"minecraft:sweet_berries":23,"minecraft:pumpkin":65,"minecraft:gravel":36,"minecraft:blast_furnace":2,"minecraft:spruce_sapling":4,"minecraft:spruce_log":139,"minecraft:spruce_door":2,"minecraft:spider_eye":6,"minecraft:brick_slab":1,"minecraft:oak_wood":1,"minecraft:pumpkin_seeds":2,"minecraft:purple_bed":3,"minecraft:iron_helmet":2,"minecraft:gray_wool":1,"mca:book_infection":1,"minecraft:coal":38,"minecraft:ender_pearl":1},"minecraft:mined":{"create:deepslate_zinc_ore":18,"minecraft:spruce_planks":37,"minecraft:cobblestone_stairs":3,"minecraft:spruce_trapdoor":10,"minecraft:grass_block":23,"minecraft:spawner":10,"botania:light_gray_mushroom":1,"supplementaries:ash":1,"minecraft:iron_ore":66,"minecraft:cobbled_deepslate":4,"minecraft:barrel":1,"minecraft:pumpkin":53,"minecraft:deepslate_lapis_ore":20,"minecraft:jungle_trapdoor":1,"minecraft:deepslate_redstone_ore":3,"minecraft:smoker":1,"minecraft:torch":16,"minecraft:blast_furnace":2,"minecraft:chest":1,"minecraft:cobblestone":128,"minecraft:sugar_cane":1,"minecraft:oak_planks":11,"minecraft:wall_torch":21,"minecraft:tnt":1,"minecraft:stone_brick_stairs":1,"minecraft:grass":55,"minecraft:oak_log":5,"minecraft:dirt":11,"minecraft:tripwire_hook":2,"minecraft:oak_leaves":5,"minecraft:deepslate":574,"minecraft:tuff":82,"minecraft:mossy_cobblestone":16,"minecraft:deepslate_diamond_ore":22,"minecraft:jack_o_lantern":1,"minecraft:glow_lichen":1,"minecraft:spruce_fence":1,"minecraft:spruce_leaves":25,"minecraft:large_fern":4,"minecraft:hay_block":7,"minecraft:acacia_wood":3,"minecraft:andesite":4,"minecraft:stripped_spruce_log":3,"minecraft:deepslate_iron_ore":57,"minecraft:vine":3,"minecraft:rail":1,"minecraft:stone":146,"minecraft:glass_pane":8,"minecraft:spruce_door":1,"minecraft:oak_fence":2,"minecraft:crafting_table":10,"minecraft:cornflower":2,"minecraft:purple_wall_banner":1,"minecraft:oak_wood":1,"minecraft:stone_slab":3,"minecraft:tall_grass":13,"minecraft:lapis_ore":1,"minecraft:blue_bed":1,"supplementaries:urn":21,"minecraft:spruce_stairs":22,"minecraft:purple_bed":3,"minecraft:brick_slab":1,"minecraft:sweet_berry_bush":22,"minecraft:spruce_log":141,"minecraft:birch_leaves":1,"minecraft:coal_ore":22,"minecraft:gravel":26,"minecraft:cobweb":25,"minecraft:stone_bricks":9,"minecraft:mossy_stone_bricks":4,"minecraft:chipped_anvil":3,"minecraft:fern":10},"minecraft:broken":{"minecraft:chainmail_helmet":1,"minecraft:iron_pickaxe":4},"minecraft:custom":{"minecraft:interact_with_crafting_table":42,"minecraft:open_barrel":42,"minecraft:eat_cake_slice":2,"minecraft:leave_game":15,"minecraft:time_since_death":496369,"minecraft:sprint_one_cm":1070143,"minecraft:damage_blocked_by_shield":1600,"minecraft:drop":104,"minecraft:talked_to_villager":10,"minecraft:play_time":525374,"minecraft:deaths":2,"minecraft:jump":8936,"minecraft:walk_on_water_one_cm":89173,"minecraft:interact_with_furnace":23,"minecraft:sleep_in_bed":3,"minecraft:waystone_activated":2,"minecraft:damage_dealt":39466,"minecraft:player_kills":1,"minecraft:crouch_one_cm":50179,"minecraft:interact_with_smoker":3,"minecraft:inspect_dispenser":1,"minecraft:mob_kills":238,"minecraft:interact_with_anvil":4,"minecraft:interact_with_campfire":1,"minecraft:climb_one_cm":5417,"minecraft:walk_one_cm":1174388,"minecraft:damage_dealt_absorbed":80,"minecraft:sneak_time":16641,"minecraft:walk_under_water_one_cm":39807,"minecraft:interact_with_blast_furnace":3,"minecraft:total_world_time":525374,"minecraft:time_since_rest":370238,"minecraft:damage_taken":7146,"minecraft:trigger_trapped_chest":1,"minecraft:swim_one_cm":45177,"minecraft:fly_one_cm":1290638,"minecraft:open_chest":164,"minecraft:fall_one_cm":234510},"minecraft:crafted":{"minecraft:oak_planks":20,"sophisticatedbackpacks:crafting_upgrade":2,"minecraft:cooked_mutton":10,"minecraft:chest":5,"sophisticatedbackpacks:backpack":1,"minecraft:cooked_porkchop":2,"minecraft:crafting_table":7,"minecraft:spruce_planks":152,"farmersdelight:flint_knife":1,"minecraft:wooden_pickaxe":1,"sophisticatedbackpacks:upgrade_base":2,"minecraft:iron_chestplate":1,"minecraft:shield":1,"minecraft:stick":36,"minecraft:iron_pickaxe":3,"minecraft:stone_sword":1,"minecraft:gold_ingot":8,"minecraft:wooden_sword":1,"minecraft:furnace":1,"minecraft:iron_axe":1,"minecraft:stone_pickaxe":1,"alexsmobs:flying_fish_boots":2,"sophisticatedbackpacks:iron_backpack":1,"minecraft:cooked_beef":24,"paraglider:paraglider":1,"minecraft:iron_sword":2,"sophisticatedbackpacks:gold_backpack":1,"minecraft:stone_axe":1,"minecraft:air":0,"minecraft:iron_shovel":1,"minecraft:acacia_planks":12,"minecraft:torch":8}},"DataVersion":2975}