{"stats":{"minecraft:picked_up":{"minecraft:oak_log":5,"minecraft:dirt":5,"minecraft:cobblestone":1},"minecraft:used":{"minecraft:iron_ore":50,"minecraft:dirt":5,"minecraft:crafting_table":1,"minecraft:grass_block":4,"minecraft:wooden_pickaxe":1},"minecraft:crafted":{"minecraft:oak_planks":20,"minecraft:crafting_table":1,"minecraft:stick":4,"minecraft:wooden_pickaxe":1},"minecraft:mined":{"minecraft:grass_block":5,"minecraft:oak_log":5,"minecraft:tall_grass":1,"minecraft:stone":1,"minecraft:oak_leaves":1},"minecraft:custom":{"minecraft:open_chest":1,"minecraft:time_since_rest":7248,"minecraft:crouch_one_cm":1324,"minecraft:sprint_one_cm":12876,"minecraft:play_time":7248,"minecraft:walk_one_cm":12503,"minecraft:sneak_time":195,"minecraft:jump":136,"minecraft:damage_dealt":29,"minecraft:leave_game":1,"minecraft:time_since_death":7248,"minecraft:total_world_time":7248,"minecraft:interact_with_crafting_table":1,"minecraft:fall_one_cm":2597,"minecraft:fly_one_cm":62250}},"DataVersion":2975}