{"stats":{"minecraft:picked_up":{"minecraft:diamond_sword":1,"minecraft:oak_log":5,"minecraft:dirt":35,"minecraft:arrow":2,"minecraft:rotten_flesh":8,"minecraft:wheat_seeds":2,"minecraft:netherite_chestplate":1,"minecraft:cobblestone":1,"minecraft:egg":1},"minecraft:dropped":{"minecraft:diamond_sword":2,"minecraft:dirt":3,"minecraft:netherite_sword":1,"minecraft:netherite_boots":1,"minecraft:netherite_chestplate":2,"minecraft:netherite_helmet":1,"minecraft:netherite_leggings":1,"minecraft:egg":1},"minecraft:used":{"minecraft:oak_log":2,"minecraft:iron_ore":50,"minecraft:grass_block":36,"minecraft:netherite_chestplate":1,"minecraft:wooden_pickaxe":1,"minecraft:grass":22,"minecraft:netherrack":10,"minecraft:oak_leaves":4,"minecraft:diamond_sword":21,"minecraft:dirt":20,"minecraft:crafting_table":1,"minecraft:egg":205},"minecraft:crafted":{"minecraft:oak_planks":20,"minecraft:crafting_table":1,"minecraft:stick":4,"minecraft:wooden_pickaxe":1},"minecraft:killed":{"minecraft:skeleton":1,"minecraft:zombie":7},"minecraft:mined":{"minecraft:grass_block":5,"minecraft:oak_log":5,"minecraft:tall_grass":1,"minecraft:stone":1,"minecraft:oak_leaves":1},"minecraft:custom":{"minecraft:time_since_rest":24572,"minecraft:sprint_one_cm":57721,"minecraft:walk_one_cm":57987,"minecraft:mob_kills":8,"minecraft:drop":12,"minecraft:damage_dealt":1527,"minecraft:interact_with_crafting_table":1,"minecraft:fly_one_cm":355076,"minecraft:player_kills":1,"minecraft:open_chest":1,"minecraft:crouch_one_cm":1421,"minecraft:play_time":24572,"minecraft:sneak_time":223,"minecraft:jump":645,"minecraft:leave_game":2,"minecraft:time_since_death":24572,"minecraft:total_world_time":24572,"minecraft:fall_one_cm":2597}},"DataVersion":2975}