{"stats":{"minecraft:killed":{"minecraft:witch":1,"minecraft:spider":1,"minecraft:skeleton":19,"minecraft:chicken":1,"minecraft:drowned":8,"alexsmobs:flying_fish":10,"minecraft:pig":2,"minecraft:creeper":1,"minecraft:sheep":13,"minecraft:pillager":11,"minecraft:zombie":21,"alexsmobs:crow":2,"minecraft:cow":9},"minecraft:dropped":{"minecraft:iron_ingot":8,"minecraft:bread":20,"minecraft:iron_sword":1,"farmersdelight:pumpkin_slice":35,"minecraft:mossy_cobblestone":1,"minecraft:iron_helmet":1,"minecraft:feather":1,"minecraft:spruce_door":1,"minecraft:dirt":1,"botania:manasteel_pick":2,"minecraft:jack_o_lantern":2,"minecraft:iron_leggings":1,"minecraft:pumpkin":2,"minecraft:iron_pickaxe":2,"paraglider:paraglider":1,"minecraft:acacia_planks":5,"minecraft:stone_sword":3,"minecraft:oak_planks":7,"farmersdelight:flint_knife":1,"minecraft:oak_sapling":2,"minecraft:arrow":20,"minecraft:wooden_pickaxe":1,"minecraft:stone_pickaxe":2},"minecraft:killed_by":{"minecraft:skeleton":1},"minecraft:mined":{"minecraft:spruce_planks":6,"minecraft:mossy_cobblestone":1,"minecraft:cobblestone_stairs":1,"minecraft:jack_o_lantern":1,"minecraft:grass_block":5,"minecraft:spawner":1,"minecraft:large_fern":3,"minecraft:hay_block":7,"minecraft:barrel":1,"minecraft:acacia_wood":3,"minecraft:stripped_spruce_log":3,"minecraft:pumpkin":53,"minecraft:stone":56,"minecraft:jungle_trapdoor":1,"minecraft:spruce_door":1,"minecraft:crafting_table":8,"minecraft:cornflower":2,"minecraft:oak_wood":1,"minecraft:stone_slab":1,"minecraft:tall_grass":9,"minecraft:cobblestone":25,"minecraft:sugar_cane":1,"minecraft:oak_planks":1,"minecraft:blue_bed":1,"minecraft:wall_torch":2,"minecraft:spruce_stairs":8,"minecraft:purple_bed":3,"minecraft:brick_slab":1,"minecraft:sweet_berry_bush":21,"minecraft:spruce_log":19,"minecraft:birch_leaves":1,"minecraft:stone_brick_stairs":1,"minecraft:grass":38,"minecraft:oak_log":5,"minecraft:coal_ore":12,"minecraft:gravel":9,"minecraft:dirt":9,"minecraft:tripwire_hook":2,"minecraft:stone_bricks":9,"minecraft:mossy_stone_bricks":4,"minecraft:oak_leaves":5,"minecraft:fern":8},"minecraft:crafted":{"minecraft:wooden_sword":1,"minecraft:oak_planks":20,"minecraft:furnace":1,"minecraft:cooked_mutton":10,"minecraft:stone_pickaxe":1,"minecraft:chest":2,"minecraft:cooked_beef":18,"paraglider:paraglider":1,"minecraft:cooked_porkchop":2,"minecraft:crafting_table":3,"minecraft:spruce_planks":40,"farmersdelight:flint_knife":1,"minecraft:wooden_pickaxe":1,"minecraft:iron_sword":1,"minecraft:stone_axe":1,"minecraft:air":0,"minecraft:shield":1,"minecraft:stick":20,"minecraft:stone_sword":1,"minecraft:acacia_planks":12,"minecraft:torch":8},"minecraft:picked_up":{"minecraft:crafting_table":8,"minecraft:chicken":1,"minecraft:stone_slab":1,"minecraft:wooden_pickaxe":2,"minecraft:stone_brick_stairs":1,"minecraft:jungle_trapdoor":1,"minecraft:string":2,"minecraft:wooden_sword":2,"minecraft:purple_banner":1,"minecraft:spruce_planks":14,"minecraft:beef":20,"minecraft:torch":3,"minecraft:spruce_stairs":8,"minecraft:porkchop":3,"minecraft:arrow":42,"minecraft:stone_sword":2,"minecraft:rotten_flesh":26,"minecraft:hay_block":4,"minecraft:mutton":23,"alexsmobs:flying_fish":17,"minecraft:white_wool":12,"minecraft:cobblestone":79,"minecraft:feather":3,"minecraft:tripwire_hook":2,"minecraft:leather":7,"minecraft:acacia_wood":3,"minecraft:potato":1,"minecraft:filled_map":1,"paraglider:spirit_orb":2,"minecraft:flint":1,"minecraft:oak_log":5,"minecraft:gunpowder":1,"minecraft:cobblestone_stairs":1,"minecraft:dirt":32,"mca:book_romance":6,"farmersdelight:flint_knife":1,"minecraft:blue_bed":1,"bhc:red_heart":1,"minecraft:bone":20,"minecraft:stone_bricks":8,"minecraft:bow":2,"minecraft:wheat_seeds":9,"farmersdelight:pumpkin_slice":70,"minecraft:stone_pickaxe":1,"minecraft:mossy_stone_bricks":1,"minecraft:iron_sword":2,"minecraft:oak_planks":20,"minecraft:cooked_porkchop":2,"minecraft:pumpkin":65,"minecraft:sweet_berries":21,"minecraft:gravel":8,"minecraft:stripped_spruce_log":3,"minecraft:spruce_log":19,"alexsmobs:animal_dictionary":2,"minecraft:barrel":1,"minecraft:spruce_door":2,"minecraft:mossy_cobblestone":3,"minecraft:brick_slab":1,"minecraft:oak_wood":1,"minecraft:pumpkin_seeds":2,"minecraft:purple_bed":3,"waystones:waystone":2,"minecraft:iron_helmet":1,"botania:manasteel_pick":1,"minecraft:jack_o_lantern":2,"minecraft:oak_sapling":2,"minecraft:coal":18},"minecraft:custom":{"minecraft:mob_kills":106,"minecraft:interact_with_crafting_table":17,"minecraft:open_barrel":19,"minecraft:leave_game":8,"minecraft:time_since_death":148043,"minecraft:climb_one_cm":4866,"minecraft:sprint_one_cm":375604,"minecraft:walk_one_cm":407173,"minecraft:damage_blocked_by_shield":1150,"minecraft:drop":50,"minecraft:damage_dealt_absorbed":40,"minecraft:talked_to_villager":2,"minecraft:play_time":177048,"minecraft:deaths":2,"minecraft:sneak_time":2955,"minecraft:walk_under_water_one_cm":10867,"minecraft:jump":3819,"minecraft:walk_on_water_one_cm":27895,"minecraft:total_world_time":177048,"minecraft:interact_with_furnace":21,"minecraft:sleep_in_bed":3,"minecraft:time_since_rest":21912,"minecraft:waystone_activated":1,"minecraft:damage_taken":2855,"minecraft:damage_dealt":13109,"minecraft:swim_one_cm":31174,"minecraft:fly_one_cm":635023,"minecraft:player_kills":1,"minecraft:open_chest":71,"minecraft:crouch_one_cm":8720,"minecraft:fall_one_cm":99963,"minecraft:inspect_dispenser":1},"minecraft:used":{"minecraft:stone_sword":56,"minecraft:chest":2,"minecraft:spruce_planks":13,"minecraft:shield":32,"minecraft:iron_sword":206,"minecraft:torch":6,"minecraft:dirt":2,"minecraft:mutton":13,"farmersdelight:flint_knife":6,"minecraft:spruce_stairs":8,"carryon:entity_item":4,"minecraft:stone_bricks":1,"minecraft:bow":37,"minecraft:sweet_berries":4,"minecraft:furnace":1,"minecraft:cooked_beef":1,"minecraft:pumpkin":3,"minecraft:cooked_mutton":10,"minecraft:stone_pickaxe":51,"minecraft:wooden_pickaxe":5,"minecraft:blue_bed":1,"farmersdelight:pumpkin_slice":34,"minecraft:mossy_cobblestone":3,"minecraft:crafting_table":8,"minecraft:spruce_log":25,"minecraft:chicken":1,"minecraft:bread":16,"minecraft:iron_pickaxe":66,"minecraft:stone_slab":1,"botania:manasteel_pick":1,"minecraft:gravel":7,"minecraft:stone_axe":124,"minecraft:wooden_sword":25,"minecraft:cobblestone":51,"minecraft:purple_bed":2,"minecraft:cooked_porkchop":4,"alexsmobs:animal_dictionary":1}},"DataVersion":2975}