{"stats":{"minecraft:broken":{"minecraft:iron_pickaxe":1},"minecraft:killed":{"minecraft:cave_spider":3,"mca:male_zombie_villager":1,"minecraft:witch":1,"minecraft:spider":8,"minecraft:skeleton":37,"minecraft:horse":1,"minecraft:chicken":1,"alexsmobs:centipede_head":1,"minecraft:drowned":8,"alexsmobs:flying_fish":11,"artifacts:mimic":2,"minecraft:pig":2,"minecraft:creeper":8,"minecraft:sheep":14,"minecraft:pillager":11,"minecraft:zombie":54,"alexsmobs:crow":2,"minecraft:enderman":1,"minecraft:cow":10},"minecraft:dropped":{"minecraft:iron_ingot":8,"minecraft:bread":20,"minecraft:iron_sword":5,"minecraft:cooked_beef":1,"minecraft:mossy_cobblestone":1,"farmersdelight:pumpkin_slice":35,"farmersdelight:skillet":3,"minecraft:diamond":7,"minecraft:iron_helmet":1,"minecraft:feather":1,"minecraft:spruce_door":1,"alexsmobs:flying_fish_boots":1,"minecraft:stick":5,"minecraft:dirt":1,"botania:manasteel_pick":2,"alexsmobs:flying_fish":5,"minecraft:jack_o_lantern":2,"minecraft:iron_leggings":1,"minecraft:pumpkin":2,"minecraft:iron_pickaxe":2,"paraglider:paraglider":1,"minecraft:acacia_planks":5,"minecraft:stone_sword":3,"minecraft:oak_planks":7,"farmersdelight:flint_knife":1,"artifacts:antidote_vessel":1,"artifacts:pocket_piston":1,"minecraft:oak_sapling":2,"minecraft:arrow":20,"minecraft:bow":1,"minecraft:wooden_pickaxe":1,"minecraft:stone_pickaxe":2},"minecraft:killed_by":{"minecraft:skeleton":1},"minecraft:mined":{"create:deepslate_zinc_ore":4,"minecraft:tuff":36,"minecraft:spruce_planks":6,"minecraft:mossy_cobblestone":1,"minecraft:deepslate_diamond_ore":8,"minecraft:cobblestone_stairs":3,"minecraft:jack_o_lantern":1,"minecraft:glow_lichen":1,"minecraft:grass_block":5,"minecraft:spawner":3,"minecraft:large_fern":4,"minecraft:hay_block":7,"botania:light_gray_mushroom":1,"minecraft:cobbled_deepslate":3,"minecraft:iron_ore":66,"minecraft:barrel":1,"minecraft:acacia_wood":3,"minecraft:andesite":4,"minecraft:stripped_spruce_log":3,"minecraft:pumpkin":53,"minecraft:deepslate_lapis_ore":16,"minecraft:vine":3,"minecraft:deepslate_iron_ore":35,"minecraft:stone":145,"minecraft:jungle_trapdoor":1,"minecraft:smoker":1,"minecraft:oak_fence":1,"minecraft:torch":3,"minecraft:spruce_door":1,"minecraft:crafting_table":8,"minecraft:cornflower":2,"minecraft:purple_wall_banner":1,"minecraft:oak_wood":1,"minecraft:stone_slab":2,"minecraft:tall_grass":9,"minecraft:cobblestone":38,"minecraft:lapis_ore":1,"minecraft:sugar_cane":1,"minecraft:oak_planks":1,"minecraft:blue_bed":1,"minecraft:wall_torch":7,"supplementaries:urn":5,"minecraft:spruce_stairs":8,"minecraft:purple_bed":3,"minecraft:brick_slab":1,"minecraft:sweet_berry_bush":21,"minecraft:spruce_log":41,"minecraft:birch_leaves":1,"minecraft:stone_brick_stairs":1,"minecraft:grass":47,"minecraft:oak_log":5,"minecraft:coal_ore":22,"minecraft:gravel":9,"minecraft:dirt":10,"minecraft:cobweb":16,"minecraft:tripwire_hook":2,"minecraft:stone_bricks":9,"minecraft:chipped_anvil":2,"minecraft:mossy_stone_bricks":4,"minecraft:deepslate":114,"minecraft:oak_leaves":5,"minecraft:fern":9},"minecraft:crafted":{"minecraft:wooden_sword":1,"minecraft:oak_planks":20,"minecraft:furnace":1,"minecraft:cooked_mutton":10,"minecraft:iron_axe":1,"minecraft:stone_pickaxe":1,"minecraft:chest":3,"alexsmobs:flying_fish_boots":2,"sophisticatedbackpacks:iron_backpack":1,"minecraft:cooked_beef":24,"paraglider:paraglider":1,"sophisticatedbackpacks:backpack":1,"minecraft:cooked_porkchop":2,"minecraft:crafting_table":3,"minecraft:spruce_planks":96,"farmersdelight:flint_knife":1,"minecraft:wooden_pickaxe":1,"minecraft:iron_sword":1,"minecraft:stone_axe":1,"minecraft:air":0,"minecraft:shield":1,"minecraft:iron_pickaxe":1,"minecraft:stick":32,"minecraft:stone_sword":1,"minecraft:acacia_planks":12,"minecraft:torch":8},"minecraft:picked_up":{"minecraft:crafting_table":8,"minecraft:allium":1,"minecraft:chicken":1,"minecraft:stone_slab":2,"minecraft:wooden_pickaxe":2,"minecraft:stone_brick_stairs":1,"minecraft:jungle_trapdoor":1,"minecraft:string":27,"minecraft:wooden_sword":2,"minecraft:purple_banner":2,"paraglider:deku_leaf":1,"minecraft:cobbled_deepslate":120,"minecraft:spruce_planks":14,"minecraft:beef":22,"minecraft:raw_iron":101,"minecraft:oak_fence":1,"minecraft:torch":9,"minecraft:spruce_stairs":8,"minecraft:porkchop":3,"minecraft:stone_sword":2,"minecraft:arrow":65,"minecraft:rotten_flesh":54,"supplementaries:antique_ink":2,"minecraft:hay_block":4,"artifacts:pocket_piston":2,"supplementaries:ash":10,"minecraft:mutton":24,"alexsmobs:flying_fish":23,"minecraft:white_wool":12,"minecraft:cobblestone":179,"minecraft:feather":3,"minecraft:cooked_beef":2,"minecraft:glow_ink_sac":2,"minecraft:tripwire_hook":2,"minecraft:andesite":4,"minecraft:leather":7,"botania:light_gray_mushroom":2,"minecraft:smoker":1,"minecraft:acacia_wood":3,"minecraft:potato":1,"minecraft:filled_map":1,"paraglider:spirit_orb":6,"minecraft:flint":1,"minecraft:tuff":37,"create:raw_zinc":4,"minecraft:oak_log":5,"supplementaries:flax_seeds":1,"minecraft:lapis_lazuli":98,"minecraft:gunpowder":8,"minecraft:cobblestone_stairs":3,"minecraft:dirt":33,"farmersdelight:skillet":3,"mca:book_romance":6,"farmersdelight:flint_knife":1,"minecraft:blue_bed":1,"bhc:red_heart":6,"minecraft:chipped_anvil":2,"minecraft:bone":34,"minecraft:stone_bricks":8,"minecraft:bow":3,"minecraft:wheat_seeds":10,"farmersdelight:sweet_berry_cookie":6,"farmersdelight:pumpkin_slice":70,"minecraft:stone_pickaxe":1,"minecraft:cobweb":2,"artifacts:antidote_vessel":1,"minecraft:mossy_stone_bricks":1,"minecraft:iron_sword":6,"minecraft:oak_planks":20,"minecraft:cooked_porkchop":5,"minecraft:pumpkin":65,"minecraft:sweet_berries":21,"minecraft:gravel":8,"minecraft:stripped_spruce_log":3,"minecraft:grass_block":1,"minecraft:spruce_log":41,"minecraft:barrel":1,"minecraft:spruce_door":2,"minecraft:spider_eye":6,"alexsmobs:animal_dictionary":2,"minecraft:mossy_cobblestone":3,"minecraft:brick_slab":1,"minecraft:oak_wood":1,"minecraft:pumpkin_seeds":2,"minecraft:purple_bed":3,"minecraft:diamond":8,"waystones:waystone":2,"minecraft:iron_helmet":1,"botania:manasteel_pick":1,"minecraft:bone_meal":2,"minecraft:gray_wool":1,"minecraft:jack_o_lantern":2,"minecraft:oak_sapling":2,"minecraft:coal":28,"minecraft:ender_pearl":1},"minecraft:custom":{"minecraft:interact_with_anvil":1,"minecraft:mob_kills":184,"minecraft:interact_with_crafting_table":32,"minecraft:open_barrel":26,"minecraft:interact_with_campfire":1,"minecraft:leave_game":9,"minecraft:time_since_death":337944,"minecraft:climb_one_cm":5417,"minecraft:sprint_one_cm":659833,"minecraft:walk_one_cm":729443,"minecraft:damage_blocked_by_shield":1490,"minecraft:drop":76,"minecraft:damage_dealt_absorbed":80,"minecraft:talked_to_villager":10,"minecraft:play_time":366949,"minecraft:deaths":2,"minecraft:sneak_time":7377,"minecraft:walk_under_water_one_cm":28526,"minecraft:jump":6959,"minecraft:walk_on_water_one_cm":60371,"minecraft:total_world_time":366949,"minecraft:interact_with_furnace":23,"minecraft:sleep_in_bed":3,"minecraft:time_since_rest":211813,"minecraft:waystone_activated":2,"minecraft:damage_taken":5221,"minecraft:damage_dealt":29101,"minecraft:player_kills":1,"minecraft:swim_one_cm":44165,"minecraft:fly_one_cm":1087125,"minecraft:open_chest":151,"minecraft:crouch_one_cm":18650,"minecraft:interact_with_smoker":3,"minecraft:fall_one_cm":170815,"minecraft:inspect_dispenser":1},"minecraft:used":{"minecraft:stone_sword":56,"minecraft:chest":2,"minecraft:spruce_planks":13,"minecraft:shield":40,"minecraft:iron_sword":464,"minecraft:torch":14,"minecraft:dirt":2,"minecraft:mutton":13,"farmersdelight:flint_knife":20,"minecraft:spruce_stairs":8,"minecraft:tuff":13,"botania:light_gray_mushroom":1,"minecraft:purple_banner":3,"minecraft:chipped_anvil":1,"minecraft:iron_axe":1,"carryon:entity_item":4,"minecraft:stone_bricks":1,"minecraft:bow":66,"minecraft:sweet_berries":4,"minecraft:furnace":1,"minecraft:cooked_beef":20,"minecraft:cobbled_deepslate":13,"minecraft:pumpkin":3,"minecraft:cooked_mutton":10,"minecraft:water_bucket":29,"farmersdelight:skillet":2,"minecraft:stone_pickaxe":51,"minecraft:wooden_pickaxe":5,"minecraft:blue_bed":1,"farmersdelight:pumpkin_slice":34,"minecraft:mossy_cobblestone":3,"minecraft:crafting_table":8,"minecraft:spruce_log":26,"minecraft:smoker":1,"waystones:waystone":1,"minecraft:chicken":1,"minecraft:bread":40,"minecraft:iron_pickaxe":485,"minecraft:stone_slab":2,"botania:manasteel_pick":1,"minecraft:gravel":7,"minecraft:stone_axe":147,"minecraft:wooden_sword":25,"minecraft:cobblestone":94,"minecraft:purple_bed":2,"minecraft:cooked_porkchop":5,"minecraft:bucket":29,"alexsmobs:animal_dictionary":1}},"DataVersion":2975}