{"stats":{"minecraft:killed_by":{"minecraft:skeleton":1},"minecraft:picked_up":{"minecraft:crafting_table":7,"minecraft:feather":3,"minecraft:chicken":1,"minecraft:leather":7,"minecraft:stone_slab":1,"minecraft:wooden_pickaxe":2,"minecraft:acacia_wood":3,"minecraft:filled_map":1,"minecraft:flint":1,"minecraft:stone_brick_stairs":1,"minecraft:oak_log":5,"minecraft:cobblestone_stairs":1,"mca:book_romance":6,"farmersdelight:flint_knife":1,"minecraft:dirt":11,"minecraft:string":2,"minecraft:wooden_sword":2,"minecraft:bone":17,"minecraft:stone_bricks":8,"minecraft:bow":1,"minecraft:wheat_seeds":7,"farmersdelight:pumpkin_slice":70,"minecraft:beef":18,"minecraft:stone_pickaxe":1,"minecraft:iron_sword":1,"minecraft:oak_planks":20,"minecraft:cooked_porkchop":2,"minecraft:pumpkin":65,"minecraft:sweet_berries":11,"minecraft:oak_wood":1,"minecraft:gravel":7,"minecraft:porkchop":2,"minecraft:stripped_spruce_log":3,"alexsmobs:animal_dictionary":2,"minecraft:mossy_cobblestone":1,"minecraft:brick_slab":1,"minecraft:stone_sword":2,"minecraft:pumpkin_seeds":2,"minecraft:arrow":19,"minecraft:purple_bed":2,"minecraft:rotten_flesh":8,"waystones:waystone":1,"minecraft:iron_helmet":1,"botania:manasteel_pick":1,"minecraft:jack_o_lantern":2,"minecraft:oak_sapling":2,"minecraft:mutton":23,"minecraft:coal":18,"minecraft:white_wool":12,"minecraft:cobblestone":73},"minecraft:killed":{"minecraft:pig":1,"minecraft:witch":1,"minecraft:spider":1,"minecraft:sheep":13,"minecraft:skeleton":18,"minecraft:zombie":3,"minecraft:chicken":1,"alexsmobs:crow":2,"minecraft:drowned":5,"minecraft:cow":9},"minecraft:dropped":{"minecraft:iron_ingot":8,"minecraft:iron_sword":1,"minecraft:stone_sword":3,"farmersdelight:pumpkin_slice":35,"minecraft:iron_helmet":1,"minecraft:feather":1,"minecraft:oak_planks":7,"farmersdelight:flint_knife":1,"botania:manasteel_pick":2,"minecraft:oak_sapling":2,"minecraft:jack_o_lantern":2,"minecraft:pumpkin":2,"minecraft:stone_pickaxe":2,"minecraft:wooden_pickaxe":1,"minecraft:iron_pickaxe":2,"paraglider:paraglider":1,"minecraft:acacia_planks":5},"minecraft:crafted":{"minecraft:cooked_beef":5,"paraglider:paraglider":1,"minecraft:wooden_sword":1,"minecraft:oak_planks":20,"minecraft:cooked_porkchop":2,"minecraft:crafting_table":2,"minecraft:spruce_planks":12,"farmersdelight:flint_knife":1,"minecraft:wooden_pickaxe":1,"minecraft:iron_sword":1,"minecraft:stone_axe":1,"minecraft:cooked_mutton":8,"minecraft:air":0,"minecraft:shield":1,"minecraft:stick":20,"minecraft:stone_pickaxe":1,"minecraft:stone_sword":1,"minecraft:acacia_planks":12,"minecraft:torch":8},"minecraft:mined":{"minecraft:cobblestone_stairs":1,"minecraft:jack_o_lantern":1,"minecraft:cornflower":2,"minecraft:crafting_table":7,"minecraft:oak_wood":1,"minecraft:grass_block":4,"minecraft:stone_slab":1,"minecraft:tall_grass":9,"minecraft:cobblestone":19,"minecraft:oak_planks":1,"minecraft:sugar_cane":1,"minecraft:large_fern":3,"minecraft:purple_bed":2,"minecraft:brick_slab":1,"minecraft:sweet_berry_bush":7,"minecraft:acacia_wood":3,"minecraft:stripped_spruce_log":3,"minecraft:pumpkin":53,"minecraft:stone_brick_stairs":1,"minecraft:grass":33,"minecraft:coal_ore":12,"minecraft:oak_log":5,"minecraft:gravel":8,"minecraft:dirt":5,"minecraft:stone":56,"minecraft:stone_bricks":9,"minecraft:mossy_stone_bricks":3,"minecraft:oak_leaves":5,"minecraft:fern":7},"minecraft:used":{"minecraft:cooked_mutton":5,"minecraft:stone_sword":56,"minecraft:stone_pickaxe":51,"minecraft:wooden_pickaxe":5,"minecraft:shield":25,"minecraft:iron_sword":110,"farmersdelight:pumpkin_slice":34,"minecraft:torch":2,"minecraft:mossy_cobblestone":3,"minecraft:dirt":2,"minecraft:mutton":13,"minecraft:crafting_table":7,"minecraft:chicken":1,"minecraft:bread":7,"carryon:entity_item":4,"minecraft:iron_pickaxe":53,"botania:manasteel_pick":1,"minecraft:stone_axe":72,"minecraft:stone_bricks":1,"minecraft:stone_slab":1,"minecraft:gravel":7,"minecraft:wooden_sword":25,"minecraft:cobblestone":37,"minecraft:bow":9,"minecraft:purple_bed":1,"minecraft:cooked_porkchop":4,"alexsmobs:animal_dictionary":1,"minecraft:pumpkin":3},"minecraft:custom":{"minecraft:interact_with_furnace":15,"minecraft:mob_kills":58,"minecraft:interact_with_crafting_table":13,"minecraft:open_barrel":1,"minecraft:leave_game":4,"minecraft:time_since_death":98442,"minecraft:sleep_in_bed":2,"minecraft:climb_one_cm":4117,"minecraft:time_since_rest":48239,"minecraft:sprint_one_cm":270360,"minecraft:damage_taken":2145,"minecraft:walk_one_cm":280126,"minecraft:damage_blocked_by_shield":905,"minecraft:drop":44,"minecraft:damage_dealt":7227,"minecraft:damage_dealt_absorbed":40,"minecraft:player_kills":1,"minecraft:swim_one_cm":27509,"minecraft:fly_one_cm":474432,"minecraft:talked_to_villager":2,"minecraft:open_chest":40,"minecraft:play_time":127447,"minecraft:crouch_one_cm":6763,"minecraft:sneak_time":2353,"minecraft:deaths":2,"minecraft:walk_under_water_one_cm":6466,"minecraft:jump":2827,"minecraft:walk_on_water_one_cm":17151,"minecraft:total_world_time":127447,"minecraft:fall_one_cm":72498}},"DataVersion":2975}