{"stats":{"minecraft:killed":{"mca:male_zombie_villager":1,"minecraft:witch":1,"minecraft:spider":4,"minecraft:skeleton":21,"minecraft:horse":1,"minecraft:chicken":1,"minecraft:drowned":8,"alexsmobs:flying_fish":11,"minecraft:pig":2,"minecraft:creeper":3,"minecraft:sheep":14,"minecraft:pillager":11,"minecraft:zombie":33,"alexsmobs:crow":2,"minecraft:enderman":1,"minecraft:cow":10},"minecraft:dropped":{"minecraft:iron_ingot":8,"minecraft:bread":20,"minecraft:iron_sword":3,"minecraft:cooked_beef":1,"minecraft:mossy_cobblestone":1,"farmersdelight:pumpkin_slice":35,"farmersdelight:skillet":3,"minecraft:iron_helmet":1,"minecraft:feather":1,"minecraft:spruce_door":1,"alexsmobs:flying_fish_boots":1,"minecraft:dirt":1,"botania:manasteel_pick":2,"minecraft:jack_o_lantern":2,"minecraft:iron_leggings":1,"minecraft:pumpkin":2,"minecraft:iron_pickaxe":2,"paraglider:paraglider":1,"minecraft:acacia_planks":5,"minecraft:stone_sword":3,"minecraft:oak_planks":7,"farmersdelight:flint_knife":1,"minecraft:oak_sapling":2,"minecraft:arrow":20,"minecraft:bow":1,"minecraft:wooden_pickaxe":1,"minecraft:stone_pickaxe":2},"minecraft:killed_by":{"minecraft:skeleton":1},"minecraft:mined":{"minecraft:spruce_planks":6,"minecraft:mossy_cobblestone":1,"minecraft:cobblestone_stairs":1,"minecraft:jack_o_lantern":1,"minecraft:grass_block":5,"minecraft:spawner":1,"minecraft:large_fern":4,"minecraft:hay_block":7,"minecraft:iron_ore":11,"minecraft:barrel":1,"minecraft:acacia_wood":3,"minecraft:stripped_spruce_log":3,"minecraft:pumpkin":53,"minecraft:stone":125,"minecraft:jungle_trapdoor":1,"minecraft:smoker":1,"minecraft:spruce_door":1,"minecraft:crafting_table":8,"minecraft:cornflower":2,"minecraft:purple_wall_banner":1,"minecraft:oak_wood":1,"minecraft:stone_slab":2,"minecraft:tall_grass":9,"minecraft:cobblestone":35,"minecraft:sugar_cane":1,"minecraft:oak_planks":1,"minecraft:blue_bed":1,"minecraft:wall_torch":2,"minecraft:spruce_stairs":8,"minecraft:purple_bed":3,"minecraft:brick_slab":1,"minecraft:sweet_berry_bush":21,"minecraft:spruce_log":34,"minecraft:birch_leaves":1,"minecraft:stone_brick_stairs":1,"minecraft:grass":46,"minecraft:oak_log":5,"minecraft:coal_ore":12,"minecraft:gravel":9,"minecraft:dirt":10,"minecraft:cobweb":11,"minecraft:tripwire_hook":2,"minecraft:stone_bricks":9,"minecraft:mossy_stone_bricks":4,"minecraft:oak_leaves":5,"minecraft:fern":9},"minecraft:crafted":{"minecraft:wooden_sword":1,"minecraft:oak_planks":20,"minecraft:furnace":1,"minecraft:cooked_mutton":10,"minecraft:stone_pickaxe":1,"minecraft:chest":3,"alexsmobs:flying_fish_boots":2,"minecraft:cooked_beef":18,"paraglider:paraglider":1,"sophisticatedbackpacks:backpack":1,"minecraft:cooked_porkchop":2,"minecraft:crafting_table":3,"minecraft:spruce_planks":96,"farmersdelight:flint_knife":1,"minecraft:wooden_pickaxe":1,"minecraft:iron_sword":1,"minecraft:stone_axe":1,"minecraft:air":0,"minecraft:shield":1,"minecraft:stick":20,"minecraft:stone_sword":1,"minecraft:acacia_planks":12,"minecraft:torch":8},"minecraft:picked_up":{"minecraft:crafting_table":8,"minecraft:allium":1,"minecraft:chicken":1,"minecraft:stone_slab":2,"minecraft:wooden_pickaxe":2,"minecraft:stone_brick_stairs":1,"minecraft:jungle_trapdoor":1,"minecraft:string":13,"minecraft:wooden_sword":2,"minecraft:purple_banner":2,"minecraft:spruce_planks":14,"minecraft:beef":22,"minecraft:raw_iron":11,"minecraft:torch":3,"minecraft:spruce_stairs":8,"minecraft:porkchop":3,"minecraft:stone_sword":2,"minecraft:arrow":44,"minecraft:rotten_flesh":38,"minecraft:hay_block":4,"minecraft:mutton":24,"alexsmobs:flying_fish":18,"minecraft:white_wool":12,"minecraft:cobblestone":156,"minecraft:feather":3,"minecraft:cooked_beef":2,"minecraft:tripwire_hook":2,"minecraft:leather":7,"minecraft:smoker":1,"minecraft:acacia_wood":3,"minecraft:potato":1,"minecraft:filled_map":1,"paraglider:spirit_orb":2,"minecraft:flint":1,"minecraft:oak_log":5,"minecraft:gunpowder":2,"minecraft:cobblestone_stairs":1,"minecraft:dirt":33,"farmersdelight:skillet":3,"mca:book_romance":6,"farmersdelight:flint_knife":1,"minecraft:blue_bed":1,"bhc:red_heart":3,"minecraft:bone":20,"minecraft:stone_bricks":8,"minecraft:bow":3,"minecraft:wheat_seeds":10,"farmersdelight:pumpkin_slice":70,"minecraft:stone_pickaxe":1,"minecraft:mossy_stone_bricks":1,"minecraft:iron_sword":4,"minecraft:oak_planks":20,"minecraft:cooked_porkchop":5,"minecraft:pumpkin":65,"minecraft:sweet_berries":21,"minecraft:gravel":8,"minecraft:stripped_spruce_log":3,"minecraft:grass_block":1,"minecraft:spruce_log":34,"minecraft:barrel":1,"minecraft:spruce_door":2,"minecraft:spider_eye":1,"alexsmobs:animal_dictionary":2,"minecraft:mossy_cobblestone":3,"minecraft:brick_slab":1,"minecraft:oak_wood":1,"minecraft:pumpkin_seeds":2,"minecraft:purple_bed":3,"waystones:waystone":2,"minecraft:iron_helmet":1,"botania:manasteel_pick":1,"minecraft:bone_meal":1,"minecraft:gray_wool":1,"minecraft:jack_o_lantern":2,"minecraft:oak_sapling":2,"minecraft:coal":18,"minecraft:ender_pearl":1},"minecraft:custom":{"minecraft:mob_kills":131,"minecraft:interact_with_crafting_table":27,"minecraft:open_barrel":19,"minecraft:interact_with_campfire":1,"minecraft:leave_game":9,"minecraft:time_since_death":247944,"minecraft:climb_one_cm":5102,"minecraft:sprint_one_cm":476885,"minecraft:walk_one_cm":515445,"minecraft:damage_blocked_by_shield":1255,"minecraft:drop":58,"minecraft:damage_dealt_absorbed":40,"minecraft:talked_to_villager":3,"minecraft:play_time":276949,"minecraft:deaths":2,"minecraft:sneak_time":4467,"minecraft:walk_under_water_one_cm":12179,"minecraft:jump":4964,"minecraft:walk_on_water_one_cm":37069,"minecraft:total_world_time":276949,"minecraft:interact_with_furnace":22,"minecraft:sleep_in_bed":3,"minecraft:time_since_rest":121813,"minecraft:waystone_activated":2,"minecraft:damage_taken":3647,"minecraft:damage_dealt":18110,"minecraft:player_kills":1,"minecraft:swim_one_cm":41704,"minecraft:fly_one_cm":812970,"minecraft:open_chest":113,"minecraft:crouch_one_cm":12212,"minecraft:fall_one_cm":126795,"minecraft:inspect_dispenser":1},"minecraft:used":{"minecraft:stone_sword":56,"minecraft:chest":2,"minecraft:spruce_planks":13,"minecraft:shield":34,"minecraft:iron_sword":286,"minecraft:torch":6,"minecraft:dirt":2,"minecraft:mutton":13,"farmersdelight:flint_knife":20,"minecraft:spruce_stairs":8,"minecraft:purple_banner":3,"carryon:entity_item":4,"minecraft:stone_bricks":1,"minecraft:bow":54,"minecraft:sweet_berries":4,"minecraft:furnace":1,"minecraft:cooked_beef":7,"minecraft:pumpkin":3,"minecraft:cooked_mutton":10,"farmersdelight:skillet":2,"minecraft:stone_pickaxe":51,"minecraft:wooden_pickaxe":5,"minecraft:blue_bed":1,"farmersdelight:pumpkin_slice":34,"minecraft:mossy_cobblestone":3,"minecraft:crafting_table":8,"minecraft:spruce_log":26,"minecraft:smoker":1,"waystones:waystone":1,"minecraft:chicken":1,"minecraft:bread":24,"minecraft:iron_pickaxe":159,"minecraft:stone_slab":1,"botania:manasteel_pick":1,"minecraft:gravel":7,"minecraft:stone_axe":140,"minecraft:wooden_sword":25,"minecraft:cobblestone":94,"minecraft:purple_bed":2,"minecraft:cooked_porkchop":5,"alexsmobs:animal_dictionary":1}},"DataVersion":2975}