{"stats":{"minecraft:killed_by":{"minecraft:skeleton":1},"minecraft:mined":{"minecraft:crafting_table":3,"minecraft:grass_block":1,"minecraft:tall_grass":6,"minecraft:cobblestone":1,"minecraft:large_fern":3,"minecraft:stripped_spruce_log":3,"minecraft:pumpkin":13,"minecraft:grass":20,"minecraft:coal_ore":12,"minecraft:oak_log":5,"minecraft:dirt":1,"minecraft:stone":34,"minecraft:oak_leaves":2,"minecraft:fern":3},"minecraft:killed":{"minecraft:pig":1,"minecraft:spider":1,"minecraft:sheep":12,"minecraft:chicken":1,"alexsmobs:crow":2,"minecraft:cow":2},"minecraft:custom":{"minecraft:mob_kills":21,"minecraft:interact_with_crafting_table":7,"minecraft:leave_game":2,"minecraft:time_since_death":22743,"minecraft:sleep_in_bed":1,"minecraft:climb_one_cm":1546,"minecraft:time_since_rest":22771,"minecraft:sprint_one_cm":113904,"minecraft:damage_taken":550,"minecraft:walk_one_cm":132607,"minecraft:drop":24,"minecraft:damage_dealt":2249,"minecraft:talked_to_villager":2,"minecraft:swim_one_cm":7438,"minecraft:fly_one_cm":198936,"minecraft:player_kills":1,"minecraft:crouch_one_cm":5130,"minecraft:play_time":51748,"minecraft:deaths":2,"minecraft:sneak_time":1658,"minecraft:walk_under_water_one_cm":2331,"minecraft:jump":1205,"minecraft:walk_on_water_one_cm":4691,"minecraft:total_world_time":51748,"minecraft:fall_one_cm":27335},"minecraft:used":{"minecraft:stone_sword":39,"minecraft:stone_pickaxe":43,"minecraft:wooden_pickaxe":5,"farmersdelight:pumpkin_slice":6,"minecraft:mossy_cobblestone":3,"minecraft:dirt":2,"minecraft:mutton":9,"minecraft:crafting_table":3,"minecraft:chicken":1,"carryon:entity_item":4,"botania:manasteel_pick":1,"minecraft:stone_axe":14,"minecraft:wooden_sword":25,"minecraft:cobblestone":9,"alexsmobs:animal_dictionary":1,"minecraft:pumpkin":2},"minecraft:crafted":{"paraglider:paraglider":1,"minecraft:wooden_sword":1,"minecraft:oak_planks":20,"minecraft:crafting_table":2,"minecraft:spruce_planks":12,"minecraft:wooden_pickaxe":1,"minecraft:stone_axe":1,"minecraft:stick":16,"minecraft:stone_pickaxe":1,"minecraft:stone_sword":1},"minecraft:dropped":{"minecraft:stone_sword":1,"farmersdelight:pumpkin_slice":4,"minecraft:feather":1,"minecraft:oak_planks":7,"farmersdelight:flint_knife":1,"botania:manasteel_pick":2,"minecraft:oak_sapling":2,"minecraft:pumpkin":2,"minecraft:stone_pickaxe":2,"minecraft:wooden_pickaxe":1,"paraglider:paraglider":1},"minecraft:picked_up":{"minecraft:crafting_table":3,"minecraft:feather":2,"minecraft:chicken":1,"minecraft:leather":4,"minecraft:wooden_pickaxe":2,"minecraft:oak_log":5,"mca:book_romance":6,"farmersdelight:flint_knife":1,"minecraft:dirt":3,"minecraft:string":2,"minecraft:wooden_sword":2,"minecraft:wheat_seeds":2,"farmersdelight:pumpkin_slice":10,"minecraft:stone_pickaxe":1,"minecraft:beef":5,"minecraft:oak_planks":20,"minecraft:pumpkin":18,"minecraft:porkchop":2,"minecraft:stripped_spruce_log":3,"minecraft:mossy_cobblestone":1,"alexsmobs:animal_dictionary":2,"minecraft:stone_sword":1,"minecraft:rotten_flesh":3,"minecraft:pumpkin_seeds":2,"botania:manasteel_pick":1,"minecraft:oak_sapling":2,"minecraft:mutton":21,"minecraft:coal":12,"minecraft:white_wool":11,"minecraft:cobblestone":33}},"DataVersion":2975}