{"stats":{"minecraft:killed_by":{"minecraft:skeleton":1},"minecraft:killed":{"minecraft:cave_spider":6,"minecraft:witch":1,"minecraft:spider":10,"minecraft:skeleton":46,"minecraft:chicken":1,"minecraft:silverfish":3,"alexsmobs:centipede_head":1,"artifacts:mimic":5,"minecraft:pig":2,"minecraft:creeper":14,"minecraft:sheep":14,"minecraft:pillager":11,"minecraft:zombie":74,"minecraft:cow":10,"mca:female_zombie_villager":1,"mca:male_zombie_villager":1,"minecraft:phantom":1,"minecraft:horse":1,"minecraft:drowned":8,"alexsmobs:flying_fish":11,"alexsmobs:crow":2,"minecraft:enderman":1},"minecraft:used":{"minecraft:iron_shovel":31,"minecraft:chest":5,"minecraft:shield":51,"minecraft:iron_sword":656,"minecraft:mutton":13,"minecraft:carrot":2,"minecraft:tuff":15,"botania:light_gray_mushroom":1,"farmersdelight:sweet_berry_cookie":5,"minecraft:stone_bricks":1,"minecraft:bow":78,"minecraft:sweet_berries":4,"minecraft:furnace":3,"minecraft:spruce_door":1,"minecraft:stone_pickaxe":51,"minecraft:wooden_pickaxe":5,"minecraft:blue_bed":3,"farmersdelight:pumpkin_slice":34,"minecraft:blast_furnace":1,"waystones:waystone":1,"minecraft:bread":44,"botania:manasteel_pick":1,"minecraft:gravel":7,"minecraft:wooden_sword":25,"minecraft:stone_sword":56,"minecraft:spruce_planks":107,"minecraft:torch":45,"minecraft:dirt":2,"farmersdelight:flint_knife":20,"minecraft:spruce_stairs":20,"minecraft:purple_banner":3,"minecraft:chipped_anvil":2,"minecraft:iron_axe":232,"carryon:entity_item":4,"minecraft:barrel":2,"minecraft:cooked_beef":43,"minecraft:cobbled_deepslate":52,"minecraft:pumpkin":3,"minecraft:cooked_mutton":10,"minecraft:water_bucket":76,"minecraft:cobblestone_stairs":4,"farmersdelight:skillet":2,"minecraft:cobblestone_slab":1,"minecraft:mossy_cobblestone":6,"minecraft:crafting_table":12,"minecraft:cod":1,"minecraft:spruce_log":141,"minecraft:smoker":3,"minecraft:apple":1,"minecraft:chicken":1,"minecraft:iron_pickaxe":1240,"minecraft:stone_slab":2,"minecraft:spruce_trapdoor":6,"minecraft:stone_axe":147,"minecraft:cobblestone":291,"minecraft:purple_bed":4,"minecraft:cooked_porkchop":7,"minecraft:bucket":76,"minecraft:pumpkin_pie":1,"alexsmobs:animal_dictionary":1},"minecraft:dropped":{"farmersdelight:iron_knife":1,"minecraft:iron_sword":6,"minecraft:cooked_beef":1,"farmersdelight:pumpkin_slice":35,"minecraft:diamond":38,"alexsmobs:flying_fish_boots":1,"minecraft:rail":1,"artifacts:vampiric_glove":2,"artifacts:night_vision_goggles":1,"minecraft:dirt":1,"alexsmobs:flying_fish":5,"minecraft:jack_o_lantern":2,"minecraft:iron_pickaxe":4,"paraglider:paraglider":1,"minecraft:oak_planks":12,"minecraft:arrow":20,"minecraft:iron_ingot":8,"minecraft:bread":20,"farmersdelight:skillet":4,"minecraft:mossy_cobblestone":1,"minecraft:iron_helmet":1,"minecraft:feather":1,"minecraft:spruce_door":1,"minecraft:stick":5,"artifacts:snorkel":1,"botania:manasteel_pick":2,"minecraft:iron_leggings":1,"artifacts:crystal_heart":1,"minecraft:pumpkin":2,"sophisticatedbackpacks:crafting_upgrade":1,"minecraft:acacia_planks":5,"artifacts:digging_claws":1,"minecraft:stone_sword":3,"artifacts:aqua_dashers":1,"sophisticatedbackpacks:backpack":1,"farmersdelight:flint_knife":1,"minecraft:spruce_planks":12,"artifacts:antidote_vessel":1,"artifacts:pocket_piston":1,"minecraft:oak_sapling":2,"minecraft:bow":1,"minecraft:stone_pickaxe":2,"minecraft:wooden_pickaxe":1,"bhc:red_heart":1},"minecraft:picked_up":{"artifacts:bunny_hoppers":1,"minecraft:stone_slab":3,"minecraft:stone_brick_stairs":1,"minecraft:string":45,"minecraft:purple_banner":3,"paraglider:deku_leaf":1,"minecraft:cobbled_deepslate":638,"minecraft:spruce_planks":54,"minecraft:cobblestone_slab":6,"farmersdelight:pasta_with_meatballs":1,"minecraft:iron_pickaxe":3,"minecraft:furnace":2,"minecraft:stick":4,"minecraft:oak_fence":3,"minecraft:torch":61,"minecraft:spruce_stairs":22,"minecraft:porkchop":3,"botania:manasteel_ingot":4,"minecraft:stone_sword":2,"minecraft:rotten_flesh":100,"supplementaries:antique_ink":2,"supplementaries:ash":24,"minecraft:obsidian":10,"minecraft:cod":1,"alexsmobs:flying_fish":45,"minecraft:cobblestone":376,"minecraft:feather":4,"minecraft:cooked_beef":19,"farmersdelight:rice":7,"minecraft:andesite":4,"farmersdelight:safety_net":4,"minecraft:smoker":3,"minecraft:potato":2,"paraglider:spirit_orb":20,"minecraft:flint":3,"minecraft:tuff":83,"create:raw_zinc":18,"supplementaries:flax_seeds":1,"minecraft:lapis_lazuli":139,"minecraft:dirt":103,"bhc:red_heart":13,"minecraft:bone":76,"minecraft:chipped_anvil":3,"minecraft:acacia_planks":2,"farmersdelight:iron_knife":1,"minecraft:bow":5,"minecraft:wheat_seeds":15,"farmersdelight:sweet_berry_cookie":6,"farmersdelight:pumpkin_slice":70,"artifacts:antidote_vessel":1,"minecraft:mossy_stone_bricks":2,"minecraft:oak_planks":30,"minecraft:cooked_porkchop":5,"minecraft:stripped_spruce_log":5,"minecraft:grass_block":2,"alexsmobs:animal_dictionary":2,"minecraft:barrel":2,"minecraft:mossy_cobblestone":20,"minecraft:diamond":62,"artifacts:crystal_heart":1,"waystones:waystone":3,"botania:manasteel_pick":1,"minecraft:bone_meal":5,"minecraft:emerald":11,"minecraft:jack_o_lantern":2,"minecraft:oak_sapling":2,"mca:bouquet":1,"minecraft:fishing_rod":1,"minecraft:crafting_table":11,"minecraft:allium":2,"minecraft:chicken":1,"minecraft:wooden_pickaxe":2,"minecraft:jungle_trapdoor":2,"minecraft:wooden_sword":2,"artifacts:fire_gauntlet":1,"minecraft:beef":22,"minecraft:iron_nugget":12,"minecraft:chest":3,"supplementaries:rope":7,"minecraft:spruce_trapdoor":10,"minecraft:raw_iron":141,"minecraft:spruce_fence":1,"artifacts:vampiric_glove":2,"minecraft:carrot":2,"minecraft:redstone":9,"minecraft:iron_horse_armor":1,"botania:black_lotus":2,"minecraft:tnt":1,"artifacts:snorkel":1,"minecraft:arrow":75,"minecraft:hay_block":8,"artifacts:pocket_piston":2,"minecraft:gold_ingot":3,"minecraft:mutton":25,"minecraft:white_wool":24,"minecraft:rail":1,"minecraft:tripwire_hook":4,"artifacts:digging_claws":2,"minecraft:glow_ink_sac":2,"minecraft:leather":9,"minecraft:acacia_wood":3,"minecraft:filled_map":2,"botania:light_gray_mushroom":4,"minecraft:oak_log":5,"minecraft:gunpowder":54,"minecraft:cobblestone_stairs":7,"farmersdelight:skillet":4,"mca:book_romance":6,"farmersdelight:flint_knife":2,"minecraft:blue_bed":3,"minecraft:apple":1,"minecraft:stone_bricks":8,"minecraft:stone_pickaxe":1,"minecraft:cobweb":6,"minecraft:iron_sword":8,"minecraft:sweet_berries":32,"minecraft:pumpkin":103,"minecraft:gravel":37,"minecraft:blast_furnace":2,"minecraft:spruce_sapling":4,"minecraft:spruce_log":146,"minecraft:spruce_door":5,"minecraft:spider_eye":7,"minecraft:brick_slab":1,"minecraft:oak_wood":1,"minecraft:pumpkin_seeds":2,"minecraft:purple_bed":4,"minecraft:stone_axe":1,"minecraft:iron_helmet":2,"minecraft:gray_wool":2,"mca:book_infection":2,"minecraft:coal":57,"minecraft:ender_pearl":1},"minecraft:mined":{"create:deepslate_zinc_ore":18,"minecraft:spruce_planks":51,"minecraft:cobblestone_stairs":7,"minecraft:spruce_trapdoor":10,"minecraft:grass_block":24,"minecraft:spawner":10,"botania:light_gray_mushroom":1,"supplementaries:ash":1,"minecraft:iron_ore":66,"minecraft:cobbled_deepslate":4,"minecraft:barrel":2,"minecraft:pumpkin":53,"minecraft:deepslate_lapis_ore":20,"minecraft:jungle_trapdoor":1,"minecraft:deepslate_redstone_ore":3,"minecraft:smoker":3,"minecraft:torch":17,"minecraft:blast_furnace":2,"minecraft:chest":3,"minecraft:cobblestone":158,"minecraft:sugar_cane":1,"minecraft:oak_planks":12,"minecraft:wall_torch":27,"minecraft:tnt":1,"minecraft:stone_brick_stairs":1,"minecraft:grass":55,"minecraft:oak_log":5,"minecraft:dirt":24,"minecraft:tripwire_hook":2,"minecraft:oak_leaves":5,"minecraft:deepslate":574,"minecraft:tuff":82,"minecraft:mossy_cobblestone":17,"minecraft:deepslate_diamond_ore":22,"minecraft:jack_o_lantern":1,"minecraft:glow_lichen":1,"minecraft:spruce_fence":1,"minecraft:spruce_leaves":25,"minecraft:large_fern":4,"minecraft:hay_block":7,"minecraft:furnace":2,"minecraft:acacia_wood":3,"minecraft:andesite":4,"minecraft:stripped_spruce_log":4,"minecraft:cobblestone_slab":1,"minecraft:deepslate_iron_ore":57,"minecraft:vine":3,"minecraft:rail":1,"minecraft:stone":146,"minecraft:glass_pane":8,"minecraft:spruce_door":1,"minecraft:oak_fence":2,"minecraft:crafting_table":10,"minecraft:cornflower":2,"minecraft:purple_wall_banner":2,"minecraft:oak_wood":1,"minecraft:stone_slab":3,"minecraft:tall_grass":13,"minecraft:lapis_ore":1,"minecraft:blue_bed":3,"supplementaries:urn":21,"minecraft:spruce_stairs":22,"minecraft:purple_bed":4,"minecraft:brick_slab":1,"minecraft:sweet_berry_bush":22,"minecraft:spruce_log":148,"minecraft:birch_leaves":1,"minecraft:coal_ore":22,"minecraft:gravel":26,"minecraft:cobweb":25,"minecraft:stone_bricks":9,"minecraft:mossy_stone_bricks":4,"minecraft:chipped_anvil":3,"minecraft:fern":10},"minecraft:broken":{"minecraft:chainmail_helmet":1,"minecraft:iron_pickaxe":4},"minecraft:custom":{"minecraft:interact_with_crafting_table":46,"minecraft:open_barrel":43,"minecraft:eat_cake_slice":2,"minecraft:leave_game":16,"minecraft:time_since_death":525866,"minecraft:sprint_one_cm":1088589,"minecraft:damage_blocked_by_shield":1600,"minecraft:drop":104,"minecraft:talked_to_villager":10,"minecraft:play_time":554871,"minecraft:deaths":2,"minecraft:jump":9006,"minecraft:walk_on_water_one_cm":89518,"minecraft:interact_with_furnace":23,"minecraft:sleep_in_bed":3,"minecraft:waystone_activated":2,"minecraft:damage_dealt":39466,"minecraft:player_kills":1,"minecraft:crouch_one_cm":50588,"minecraft:interact_with_smoker":3,"minecraft:inspect_dispenser":1,"minecraft:mob_kills":238,"minecraft:interact_with_anvil":4,"minecraft:interact_with_campfire":1,"minecraft:climb_one_cm":5417,"minecraft:walk_one_cm":1252915,"minecraft:damage_dealt_absorbed":80,"minecraft:sneak_time":16810,"minecraft:walk_under_water_one_cm":39807,"minecraft:interact_with_blast_furnace":3,"minecraft:total_world_time":554871,"minecraft:time_since_rest":399735,"minecraft:damage_taken":7196,"minecraft:trigger_trapped_chest":1,"minecraft:swim_one_cm":45177,"minecraft:fly_one_cm":1293974,"minecraft:open_chest":177,"minecraft:fall_one_cm":240206},"minecraft:crafted":{"minecraft:oak_planks":20,"minecraft:cobblestone_slab":6,"minecraft:cobblestone_stairs":8,"sophisticatedbackpacks:crafting_upgrade":2,"minecraft:cooked_mutton":10,"minecraft:chest":6,"sophisticatedbackpacks:backpack":1,"minecraft:cooked_porkchop":2,"minecraft:crafting_table":7,"minecraft:spruce_planks":164,"farmersdelight:flint_knife":1,"minecraft:wooden_pickaxe":1,"sophisticatedbackpacks:upgrade_base":2,"minecraft:iron_chestplate":1,"minecraft:shield":1,"minecraft:stick":36,"minecraft:iron_pickaxe":3,"minecraft:stone_sword":1,"minecraft:gold_ingot":8,"minecraft:wooden_sword":1,"minecraft:furnace":1,"minecraft:iron_axe":1,"minecraft:stone_pickaxe":1,"alexsmobs:flying_fish_boots":2,"sophisticatedbackpacks:iron_backpack":1,"minecraft:cooked_beef":24,"paraglider:paraglider":1,"minecraft:iron_sword":2,"sophisticatedbackpacks:gold_backpack":1,"minecraft:stone_axe":1,"minecraft:air":0,"minecraft:iron_shovel":1,"minecraft:acacia_planks":12,"minecraft:torch":8}},"DataVersion":2975}