{"stats":{"minecraft:killed_by":{"minecraft:skeleton":1},"minecraft:picked_up":{"minecraft:crafting_table":7,"minecraft:feather":3,"minecraft:chicken":1,"minecraft:leather":7,"minecraft:stone_slab":1,"minecraft:wooden_pickaxe":2,"minecraft:acacia_wood":3,"minecraft:filled_map":1,"minecraft:flint":1,"minecraft:oak_log":5,"minecraft:cobblestone_stairs":1,"mca:book_romance":6,"farmersdelight:flint_knife":1,"minecraft:dirt":11,"minecraft:string":2,"minecraft:wooden_sword":2,"minecraft:bone":8,"minecraft:stone_bricks":1,"minecraft:bow":1,"minecraft:wheat_seeds":7,"farmersdelight:pumpkin_slice":70,"minecraft:beef":12,"minecraft:stone_pickaxe":1,"minecraft:iron_sword":1,"minecraft:oak_planks":20,"minecraft:cooked_porkchop":2,"minecraft:pumpkin":58,"minecraft:sweet_berries":11,"minecraft:gravel":7,"minecraft:porkchop":2,"minecraft:stripped_spruce_log":3,"alexsmobs:animal_dictionary":2,"minecraft:mossy_cobblestone":1,"minecraft:brick_slab":1,"minecraft:stone_sword":2,"minecraft:pumpkin_seeds":2,"minecraft:arrow":6,"minecraft:purple_bed":2,"minecraft:rotten_flesh":6,"botania:manasteel_pick":1,"minecraft:jack_o_lantern":2,"minecraft:oak_sapling":2,"minecraft:mutton":23,"minecraft:coal":18,"minecraft:white_wool":12,"minecraft:cobblestone":66},"minecraft:killed":{"minecraft:pig":1,"minecraft:witch":1,"minecraft:spider":1,"minecraft:sheep":13,"minecraft:skeleton":9,"minecraft:zombie":1,"minecraft:chicken":1,"alexsmobs:crow":2,"minecraft:drowned":5,"minecraft:cow":5},"minecraft:dropped":{"minecraft:iron_ingot":8,"minecraft:iron_sword":1,"minecraft:stone_sword":3,"farmersdelight:pumpkin_slice":35,"minecraft:feather":1,"minecraft:oak_planks":7,"farmersdelight:flint_knife":1,"botania:manasteel_pick":2,"minecraft:oak_sapling":2,"minecraft:jack_o_lantern":2,"minecraft:pumpkin":2,"minecraft:wooden_pickaxe":1,"minecraft:stone_pickaxe":2,"minecraft:iron_pickaxe":2,"paraglider:paraglider":1,"minecraft:acacia_planks":5},"minecraft:crafted":{"minecraft:cooked_beef":5,"paraglider:paraglider":1,"minecraft:wooden_sword":1,"minecraft:oak_planks":20,"minecraft:cooked_porkchop":2,"minecraft:crafting_table":2,"minecraft:spruce_planks":12,"farmersdelight:flint_knife":1,"minecraft:wooden_pickaxe":1,"minecraft:iron_sword":1,"minecraft:stone_axe":1,"minecraft:cooked_mutton":8,"minecraft:air":0,"minecraft:shield":1,"minecraft:stick":16,"minecraft:stone_pickaxe":1,"minecraft:stone_sword":1,"minecraft:acacia_planks":12},"minecraft:mined":{"minecraft:cobblestone_stairs":1,"minecraft:jack_o_lantern":1,"minecraft:cornflower":2,"minecraft:crafting_table":7,"minecraft:grass_block":4,"minecraft:stone_slab":1,"minecraft:tall_grass":9,"minecraft:cobblestone":19,"minecraft:sugar_cane":1,"minecraft:large_fern":3,"minecraft:purple_bed":2,"minecraft:brick_slab":1,"minecraft:sweet_berry_bush":7,"minecraft:acacia_wood":3,"minecraft:stripped_spruce_log":3,"minecraft:pumpkin":46,"minecraft:grass":31,"minecraft:coal_ore":12,"minecraft:oak_log":5,"minecraft:gravel":8,"minecraft:dirt":5,"minecraft:stone":49,"minecraft:stone_bricks":2,"minecraft:mossy_stone_bricks":3,"minecraft:oak_leaves":5,"minecraft:fern":7},"minecraft:used":{"minecraft:cooked_mutton":3,"minecraft:stone_sword":56,"minecraft:stone_pickaxe":51,"minecraft:wooden_pickaxe":5,"minecraft:shield":6,"minecraft:iron_sword":62,"farmersdelight:pumpkin_slice":34,"minecraft:mossy_cobblestone":3,"minecraft:dirt":2,"minecraft:mutton":13,"minecraft:crafting_table":7,"minecraft:chicken":1,"carryon:entity_item":4,"minecraft:iron_pickaxe":37,"botania:manasteel_pick":1,"minecraft:stone_axe":62,"minecraft:stone_slab":1,"minecraft:stone_bricks":1,"minecraft:gravel":7,"minecraft:wooden_sword":25,"minecraft:cobblestone":37,"minecraft:purple_bed":1,"minecraft:cooked_porkchop":3,"alexsmobs:animal_dictionary":1,"minecraft:pumpkin":3},"minecraft:custom":{"minecraft:interact_with_furnace":15,"minecraft:mob_kills":42,"minecraft:interact_with_crafting_table":13,"minecraft:open_barrel":1,"minecraft:leave_game":3,"minecraft:time_since_death":86969,"minecraft:sleep_in_bed":2,"minecraft:climb_one_cm":3200,"minecraft:time_since_rest":36766,"minecraft:sprint_one_cm":245219,"minecraft:damage_taken":1622,"minecraft:walk_one_cm":245028,"minecraft:damage_blocked_by_shield":185,"minecraft:drop":43,"minecraft:damage_dealt":5158,"minecraft:damage_dealt_absorbed":40,"minecraft:player_kills":1,"minecraft:swim_one_cm":22968,"minecraft:fly_one_cm":422623,"minecraft:talked_to_villager":2,"minecraft:open_chest":22,"minecraft:play_time":115974,"minecraft:crouch_one_cm":6628,"minecraft:sneak_time":2321,"minecraft:deaths":2,"minecraft:walk_under_water_one_cm":5309,"minecraft:jump":2493,"minecraft:walk_on_water_one_cm":12796,"minecraft:total_world_time":115974,"minecraft:fall_one_cm":67317}},"DataVersion":2975}