{"stats":{"minecraft:killed":{"minecraft:cave_spider":6,"minecraft:witch":1,"minecraft:spider":10,"minecraft:skeleton":48,"minecraft:chicken":4,"minecraft:silverfish":3,"alexsmobs:centipede_head":1,"artifacts:mimic":5,"minecraft:pig":6,"twilightforest:unstable_ice_core":2,"minecraft:creeper":14,"twilightforest:skeleton_druid":1,"minecraft:sheep":21,"minecraft:pillager":11,"minecraft:zombie":77,"minecraft:cow":16,"mca:female_zombie_villager":1,"mca:male_zombie_villager":1,"minecraft:phantom":1,"minecraft:horse":1,"minecraft:drowned":8,"alexsmobs:flying_fish":12,"twilightforest:kobold":6,"alexsmobs:crow":2,"minecraft:enderman":1},"minecraft:used":{"twilightforest:spiral_bricks":7,"minecraft:iron_shovel":35,"minecraft:chest":6,"minecraft:shield":62,"minecraft:iron_sword":747,"minecraft:mutton":13,"minecraft:carrot":2,"minecraft:allium":4,"minecraft:tuff":15,"minecraft:snowball":1,"botania:light_gray_mushroom":1,"farmersdelight:sweet_berry_cookie":5,"farmersdelight:roast_chicken":1,"minecraft:glass":40,"minecraft:iron_helmet":1,"minecraft:stone_bricks":1,"twilightforest:nagastone":2,"minecraft:bow":129,"minecraft:written_book":1,"minecraft:sweet_berries":4,"minecraft:furnace":3,"minecraft:diamond_boots":1,"minecraft:spruce_door":1,"minecraft:stone_pickaxe":51,"minecraft:wooden_pickaxe":5,"minecraft:blue_bed":4,"farmersdelight:pumpkin_slice":34,"minecraft:blast_furnace":2,"waystones:waystone":1,"minecraft:bread":44,"botania:manasteel_pick":1,"minecraft:gravel":7,"minecraft:wooden_sword":25,"botania:magenta_mystical_flower":2,"minecraft:stone_sword":56,"minecraft:white_tulip":6,"minecraft:spruce_planks":107,"minecraft:cooked_chicken":8,"minecraft:torch":53,"minecraft:dirt":14,"farmersdelight:flint_knife":20,"minecraft:spruce_stairs":20,"minecraft:diamond_helmet":1,"minecraft:purple_banner":3,"minecraft:chipped_anvil":3,"minecraft:iron_axe":254,"carryon:entity_item":11,"minecraft:barrel":5,"minecraft:cooked_beef":55,"minecraft:cobbled_deepslate":54,"minecraft:pumpkin":3,"minecraft:cooked_mutton":19,"minecraft:water_bucket":87,"minecraft:cobblestone_stairs":5,"twilightforest:cooked_meef":1,"farmersdelight:skillet":2,"minecraft:cobblestone_slab":1,"minecraft:mossy_cobblestone":6,"minecraft:crafting_table":12,"minecraft:cod":1,"minecraft:spruce_log":141,"minecraft:smoker":3,"minecraft:apple":1,"farmersdelight:apple_cider":1,"farmersdelight:pasta_with_meatballs":1,"twilightforest:naga_leggings":2,"minecraft:chicken":1,"minecraft:iron_pickaxe":1286,"minecraft:stone_slab":2,"minecraft:spruce_trapdoor":6,"minecraft:stone_axe":147,"minecraft:fishing_rod":3,"minecraft:cobblestone":305,"minecraft:purple_bed":5,"minecraft:cooked_porkchop":15,"minecraft:bucket":86,"minecraft:pumpkin_pie":1,"alexsmobs:animal_dictionary":1},"minecraft:picked_up":{"minecraft:wheat":19,"minecraft:stone_slab":3,"artifacts:bunny_hoppers":4,"twilightforest:naga_trophy":4,"minecraft:stone_brick_stairs":7,"minecraft:string":51,"minecraft:pufferfish":1,"minecraft:purple_banner":3,"paraglider:deku_leaf":1,"farmersdelight:roast_chicken":1,"minecraft:cobbled_deepslate":640,"minecraft:gold_nugget":6,"minecraft:bucket":2,"minecraft:spruce_planks":54,"minecraft:white_tulip":6,"minecraft:written_book":13,"minecraft:cobblestone_slab":12,"farmersdelight:pasta_with_meatballs":3,"minecraft:iron_pickaxe":8,"twilightforest:firefly_jar":1,"minecraft:iron_boots":3,"minecraft:furnace":2,"minecraft:stick":17,"minecraft:oak_fence":3,"minecraft:torch":169,"minecraft:spruce_stairs":22,"twilightforest:cracked_etched_nagastone":3,"minecraft:porkchop":4,"botania:manasteel_ingot":4,"minecraft:stone_sword":2,"minecraft:rotten_flesh":107,"alexsmobs:flying_fish_boots":3,"supplementaries:antique_ink":2,"supplementaries:ash":24,"minecraft:obsidian":10,"minecraft:cod":1,"minecraft:snowball":3,"alexsmobs:flying_fish":57,"minecraft:cobblestone":406,"minecraft:birch_log":5,"minecraft:feather":8,"minecraft:cooked_beef":31,"farmersdelight:rice":7,"twilightforest:twilight_oak_log":4,"minecraft:water_bucket":1,"minecraft:andesite":4,"twilightforest:twilight_oak_wood":2,"minecraft:brown_wool":1,"farmersdelight:safety_net":4,"minecraft:smoker":3,"minecraft:potato":2,"supplementaries:soap":18,"paraglider:spirit_orb":26,"minecraft:flint":3,"minecraft:tuff":83,"create:raw_zinc":18,"supplementaries:flax_seeds":1,"twilightforest:mossy_nagastone_pillar":4,"minecraft:lapis_lazuli":139,"minecraft:dirt":116,"twilightforest:canopy_sapling":1,"bhc:red_heart":14,"minecraft:bone":84,"minecraft:chipped_anvil":4,"farmersdelight:iron_knife":1,"minecraft:acacia_planks":2,"minecraft:bow":8,"minecraft:wheat_seeds":15,"farmersdelight:sweet_berry_cookie":6,"farmersdelight:pumpkin_slice":70,"minecraft:mossy_stone_bricks":2,"artifacts:antidote_vessel":1,"minecraft:oak_planks":31,"minecraft:mossy_stone_brick_stairs":1,"minecraft:cooked_porkchop":20,"minecraft:stripped_spruce_log":5,"twilightforest:naga_chestplate":3,"minecraft:grass_block":2,"alexsmobs:animal_dictionary":2,"minecraft:barrel":2,"minecraft:mossy_cobblestone":20,"artifacts:plastic_drinking_hat":3,"twilightforest:mossy_etched_nagastone":5,"minecraft:polished_andesite":6,"twilightforest:twilight_oak_sapling":15,"minecraft:diamond":63,"artifacts:crystal_heart":1,"waystones:waystone":3,"supplementaries:bubble_blower":2,"botania:manasteel_pick":1,"minecraft:bone_meal":5,"minecraft:emerald":11,"minecraft:jack_o_lantern":2,"minecraft:oak_sapling":2,"twilightforest:torchberries":4,"mca:bouquet":1,"sophisticatedbackpacks:gold_backpack":2,"minecraft:fishing_rod":1,"minecraft:crafting_table":11,"minecraft:allium":8,"minecraft:chicken":1,"twilightforest:cooked_meef":1,"minecraft:brown_mushroom":2,"minecraft:wooden_pickaxe":2,"twilightforest:nagastone":9,"minecraft:shield":2,"minecraft:jungle_trapdoor":2,"minecraft:iron_axe":4,"minecraft:wooden_sword":2,"minecraft:iron_shovel":2,"botania:magenta_mystical_flower":2,"artifacts:fire_gauntlet":3,"minecraft:mossy_cobblestone_wall":4,"twilightforest:nagastone_head":2,"minecraft:beef":22,"farmersdelight:straw":1,"twilightforest:naga_scale":16,"minecraft:iron_nugget":12,"supplementaries:rope":7,"minecraft:chest":3,"minecraft:birch_sapling":1,"minecraft:spruce_trapdoor":10,"minecraft:egg":3,"minecraft:raw_iron":141,"minecraft:bowl":1,"twilightforest:canopy_fence":1,"minecraft:spruce_fence":1,"artifacts:vampiric_glove":3,"minecraft:carrot":2,"minecraft:redstone":9,"minecraft:iron_horse_armor":1,"mca:book_blueprint":2,"botania:black_lotus":2,"minecraft:tnt":1,"minecraft:stone_shovel":2,"artifacts:snorkel":2,"minecraft:cooked_cod":2,"minecraft:arrow":76,"twilightforest:cicada":5,"twilightforest:etched_nagastone":20,"minecraft:hay_block":8,"twilightforest:peacock_feather_fan":1,"artifacts:pocket_piston":2,"minecraft:gold_ingot":3,"minecraft:mutton":27,"minecraft:rail":1,"minecraft:white_wool":30,"minecraft:golden_carrot":1,"minecraft:glow_ink_sac":2,"artifacts:digging_claws":5,"minecraft:tripwire_hook":4,"minecraft:salmon":1,"minecraft:leather":14,"minecraft:red_mushroom":1,"minecraft:acacia_wood":3,"minecraft:filled_map":2,"botania:light_gray_mushroom":4,"minecraft:oak_log":5,"minecraft:cobblestone_wall":4,"botania:flower_bag":1,"minecraft:gunpowder":54,"minecraft:cobblestone_stairs":10,"farmersdelight:skillet":4,"mca:book_romance":6,"farmersdelight:flint_knife":2,"minecraft:blue_bed":4,"minecraft:cooked_mutton":23,"minecraft:red_carpet":2,"minecraft:apple":5,"minecraft:stone_bricks":8,"farmersdelight:apple_cider":1,"minecraft:stone_pickaxe":1,"minecraft:cooked_chicken":19,"minecraft:cobweb":6,"artifacts:kitty_slippers":1,"minecraft:glass_bottle":2,"minecraft:flowering_azalea":2,"minecraft:iron_sword":12,"sophisticatedbackpacks:diamond_backpack":1,"twilightforest:nagastone_pillar":3,"minecraft:pumpkin":103,"minecraft:sweet_berries":32,"minecraft:chiseled_stone_bricks":1,"minecraft:stone_brick_slab":2,"minecraft:gravel":37,"minecraft:spruce_sapling":4,"minecraft:blast_furnace":2,"minecraft:spruce_log":146,"minecraft:spruce_door":5,"minecraft:spider_eye":7,"minecraft:brick_slab":1,"minecraft:oak_wood":1,"minecraft:pumpkin_seeds":2,"minecraft:purple_bed":5,"minecraft:stone_axe":1,"minecraft:iron_helmet":4,"minecraft:gray_wool":2,"mca:book_infection":2,"twilightforest:spiral_bricks":14,"twilightforest:naga_leggings":3,"minecraft:coal":66,"minecraft:ender_pearl":1},"minecraft:killed_by":{"twilightforest:minotaur":1,"minecraft:skeleton":1,"twilightforest:pinch_beetle":2},"minecraft:crafted":{"minecraft:oak_planks":116,"minecraft:cobblestone_slab":6,"minecraft:barrel":3,"minecraft:cobblestone_stairs":8,"sophisticatedbackpacks:crafting_upgrade":2,"minecraft:cooked_mutton":10,"minecraft:diamond_helmet":1,"minecraft:iron_boots":1,"minecraft:chest":6,"twilightforest:naga_leggings":1,"minecraft:oak_slab":6,"sophisticatedbackpacks:backpack":1,"minecraft:cooked_porkchop":2,"minecraft:crafting_table":7,"minecraft:spruce_planks":164,"farmersdelight:flint_knife":1,"minecraft:wooden_pickaxe":1,"sophisticatedbackpacks:upgrade_base":2,"minecraft:iron_chestplate":1,"minecraft:shield":3,"naturescompass:naturescompass":1,"sophisticatedbackpacks:diamond_backpack":1,"minecraft:stick":40,"minecraft:iron_ingot":112,"minecraft:compass":1,"minecraft:iron_pickaxe":4,"minecraft:stone_sword":1,"minecraft:gold_ingot":13,"minecraft:wooden_sword":1,"minecraft:furnace":1,"minecraft:iron_axe":2,"minecraft:stone_pickaxe":1,"minecraft:diamond_boots":1,"alexsmobs:flying_fish_boots":2,"sophisticatedbackpacks:iron_backpack":1,"minecraft:cooked_beef":24,"paraglider:paraglider":1,"minecraft:iron_sword":2,"sophisticatedbackpacks:gold_backpack":1,"minecraft:stone_axe":1,"minecraft:air":0,"twilightforest:naga_chestplate":1,"minecraft:iron_shovel":1,"minecraft:iron_leggings":1,"minecraft:acacia_planks":12,"minecraft:torch":8,"mca:wedding_ring":1},"minecraft:mined":{"create:deepslate_zinc_ore":18,"minecraft:spruce_planks":51,"minecraft:cobblestone_stairs":8,"minecraft:spruce_trapdoor":10,"minecraft:grass_block":34,"twilightforest:nagastone_pillar":1,"minecraft:spawner":13,"botania:light_gray_mushroom":1,"supplementaries:ash":1,"minecraft:iron_ore":66,"minecraft:cobbled_deepslate":5,"minecraft:barrel":2,"twilightforest:twilight_oak_wood":2,"minecraft:pumpkin":53,"minecraft:deepslate_lapis_ore":20,"twilightforest:mossy_nagastone_pillar":1,"minecraft:jungle_trapdoor":1,"minecraft:deepslate_redstone_ore":3,"minecraft:smoker":3,"minecraft:torch":18,"minecraft:blast_furnace":2,"minecraft:chest":3,"twilightforest:twilight_oak_log":4,"minecraft:glass":1,"minecraft:cobblestone":180,"minecraft:sugar_cane":1,"minecraft:oak_planks":12,"minecraft:wall_torch":30,"minecraft:birch_log":5,"minecraft:tnt":1,"minecraft:stone_brick_stairs":1,"minecraft:grass":57,"minecraft:oak_log":5,"minecraft:dirt":28,"minecraft:tripwire_hook":2,"minecraft:oak_leaves":5,"minecraft:deepslate":574,"minecraft:red_carpet":1,"minecraft:tuff":82,"minecraft:mossy_cobblestone":17,"minecraft:deepslate_diamond_ore":22,"minecraft:jack_o_lantern":1,"minecraft:glow_lichen":1,"minecraft:allium":6,"minecraft:spruce_fence":1,"minecraft:spruce_leaves":25,"minecraft:large_fern":6,"minecraft:hay_block":7,"twilightforest:etched_nagastone":1,"botania:magenta_mystical_flower":2,"minecraft:furnace":2,"twilightforest:naga_trophy":1,"minecraft:acacia_wood":3,"minecraft:andesite":4,"minecraft:stripped_spruce_log":4,"minecraft:mossy_stone_brick_stairs":1,"minecraft:deepslate_iron_ore":57,"minecraft:cobblestone_slab":3,"minecraft:vine":3,"minecraft:rail":1,"minecraft:stone":153,"minecraft:white_tulip":5,"twilightforest:canopy_fence":1,"minecraft:glass_pane":8,"minecraft:stone_brick_slab":1,"minecraft:dandelion":1,"minecraft:spruce_door":1,"minecraft:oak_fence":2,"minecraft:crafting_table":10,"minecraft:cornflower":2,"minecraft:purple_wall_banner":2,"minecraft:oak_wood":1,"minecraft:stone_slab":3,"minecraft:tall_grass":20,"twilightforest:nagastone":4,"minecraft:lapis_ore":1,"minecraft:blue_bed":4,"supplementaries:urn":21,"minecraft:spruce_stairs":22,"minecraft:purple_bed":5,"minecraft:brick_slab":1,"minecraft:cobblestone_wall":1,"minecraft:sweet_berry_bush":23,"minecraft:spruce_log":148,"minecraft:birch_leaves":9,"minecraft:coal_ore":23,"minecraft:gravel":26,"minecraft:cobweb":25,"minecraft:stone_bricks":9,"minecraft:mossy_stone_bricks":4,"minecraft:chipped_anvil":4,"minecraft:fern":14},"minecraft:custom":{"minecraft:interact_with_crafting_table":59,"minecraft:open_barrel":71,"minecraft:eat_cake_slice":2,"minecraft:leave_game":20,"minecraft:time_since_death":26187,"minecraft:sprint_one_cm":1407409,"minecraft:damage_blocked_by_shield":1860,"minecraft:drop":206,"minecraft:talked_to_villager":10,"minecraft:play_time":730269,"minecraft:deaths":5,"minecraft:jump":10736,"minecraft:walk_on_water_one_cm":116904,"minecraft:interact_with_furnace":33,"minecraft:sleep_in_bed":5,"minecraft:waystone_activated":2,"minecraft:damage_dealt":43880,"minecraft:player_kills":1,"minecraft:crouch_one_cm":55009,"minecraft:interact_with_smoker":5,"minecraft:inspect_dispenser":1,"minecraft:horse_one_cm":34362,"minecraft:interact_with_anvil":6,"minecraft:mob_kills":277,"minecraft:interact_with_campfire":1,"minecraft:climb_one_cm":13698,"minecraft:walk_one_cm":1629131,"minecraft:damage_dealt_absorbed":80,"minecraft:sneak_time":18744,"minecraft:walk_under_water_one_cm":59089,"minecraft:interact_with_blast_furnace":17,"minecraft:total_world_time":730269,"minecraft:interact_with_grindstone":1,"minecraft:time_since_rest":26216,"minecraft:damage_taken":9676,"minecraft:damage_absorbed":40,"minecraft:trigger_trapped_chest":22,"minecraft:swim_one_cm":67574,"minecraft:fly_one_cm":1814324,"minecraft:open_chest":293,"minecraft:fish_caught":2,"minecraft:fall_one_cm":369676},"minecraft:broken":{"minecraft:iron_boots":1,"minecraft:iron_leggings":1,"minecraft:chainmail_helmet":1,"minecraft:iron_pickaxe":5},"minecraft:dropped":{"twilightforest:nagastone":7,"naturescompass:naturescompass":1,"farmersdelight:iron_knife":1,"minecraft:iron_sword":8,"minecraft:cooked_beef":1,"farmersdelight:pumpkin_slice":35,"minecraft:glass_bottle":1,"minecraft:diamond":39,"minecraft:mossy_stone_brick_stairs":1,"twilightforest:naga_scale":2,"botania:flower_bag":1,"minecraft:mossy_cobblestone_wall":2,"alexsmobs:flying_fish_boots":1,"minecraft:rail":1,"minecraft:cobblestone_stairs":1,"artifacts:vampiric_glove":3,"artifacts:night_vision_goggles":1,"minecraft:dirt":1,"twilightforest:mossy_nagastone_pillar":4,"minecraft:mutton":1,"alexsmobs:flying_fish":7,"minecraft:jack_o_lantern":2,"twilightforest:cracked_etched_nagastone":3,"minecraft:iron_pickaxe":6,"paraglider:paraglider":1,"mca:book_blueprint":1,"minecraft:oak_planks":76,"sophisticatedbackpacks:diamond_backpack":1,"supplementaries:soap":9,"minecraft:chiseled_stone_bricks":1,"minecraft:arrow":20,"minecraft:stone_brick_stairs":6,"minecraft:written_book":7,"twilightforest:nagastone_pillar":3,"minecraft:egg":1,"minecraft:iron_ingot":8,"minecraft:bread":20,"twilightforest:canopy_sapling":1,"farmersdelight:skillet":4,"minecraft:mossy_cobblestone":1,"twilightforest:nagastone_head":2,"minecraft:feather":1,"minecraft:iron_helmet":1,"minecraft:cobblestone":3,"minecraft:apple":2,"twilightforest:etched_nagastone":20,"minecraft:spruce_door":1,"minecraft:stick":6,"minecraft:polished_andesite":6,"artifacts:snorkel":1,"twilightforest:spiral_bricks":7,"minecraft:torch":2,"botania:manasteel_pick":2,"minecraft:iron_leggings":1,"artifacts:crystal_heart":1,"minecraft:pumpkin":2,"minecraft:iron_axe":1,"twilightforest:cicada":1,"sophisticatedbackpacks:crafting_upgrade":1,"minecraft:string":3,"minecraft:bucket":1,"minecraft:acacia_planks":5,"artifacts:digging_claws":2,"minecraft:stone_brick_slab":2,"artifacts:kitty_slippers":1,"minecraft:stone_sword":3,"minecraft:cobblestone_wall":2,"artifacts:aqua_dashers":1,"minecraft:stone_shovel":1,"sophisticatedbackpacks:backpack":1,"farmersdelight:straw":1,"twilightforest:mossy_etched_nagastone":5,"farmersdelight:flint_knife":1,"minecraft:spruce_planks":12,"artifacts:antidote_vessel":1,"artifacts:pocket_piston":1,"minecraft:oak_sapling":2,"botania:mana_bottle":1,"supplementaries:bubble_blower":1,"minecraft:bow":1,"minecraft:stone_pickaxe":2,"minecraft:wooden_pickaxe":1,"bhc:red_heart":1}},"DataVersion":2975}