{"stats":{"minecraft:picked_up":{"minecraft:spruce_sapling":1,"minecraft:spruce_log":14,"minecraft:carrot":1},"minecraft:mined":{"minecraft:carrots":1,"minecraft:spruce_leaves":40,"minecraft:spruce_log":14},"minecraft:custom":{"minecraft:time_since_rest":17792,"minecraft:open_chest":4,"minecraft:waystone_activated":1,"minecraft:crouch_one_cm":735,"minecraft:play_time":25758,"minecraft:interact_with_furnace":1,"minecraft:sprint_one_cm":15621,"minecraft:damage_taken":110,"minecraft:walk_one_cm":74779,"minecraft:sneak_time":302,"minecraft:jump":137,"minecraft:interact_with_blast_furnace":1,"minecraft:time_since_death":25758,"minecraft:sleep_in_bed":1,"minecraft:total_world_time":25758,"minecraft:fall_one_cm":3007,"minecraft:fly_one_cm":17992},"minecraft:used":{"minecraft:iron_chestplate":1,"minecraft:carrot":1,"alexsmobs:animal_dictionary":1,"minecraft:iron_helmet":1,"minecraft:spruce_log":6}},"DataVersion":2975}