{"stats":{"minecraft:crafted":{"minecraft:wooden_shovel":1,"minecraft:crafting_table":1,"minecraft:spruce_planks":32,"minecraft:stick":8,"minecraft:wooden_pickaxe":1,"minecraft:stone_pickaxe":1,"minecraft:spruce_boat":1,"minecraft:torch":8},"minecraft:mined":{"minecraft:carrots":1,"minecraft:spruce_log":14,"minecraft:crafting_table":1,"botania:yellow_double_flower":1,"minecraft:coal_ore":5,"farmersrespite:wild_tea_bush":1,"minecraft:spruce_leaves":40,"minecraft:stone":6,"minecraft:sugar_cane":1},"minecraft:picked_up":{"minecraft:crafting_table":1,"botania:yellow_double_flower":1,"minecraft:spruce_sapling":1,"minecraft:carrot":1,"minecraft:spruce_log":14,"minecraft:spruce_boat":3,"farmersrespite:tea_seeds":1,"minecraft:sugar_cane":4,"minecraft:coal":4,"minecraft:cobblestone":5},"minecraft:custom":{"minecraft:time_since_rest":29792,"minecraft:waystone_activated":1,"minecraft:interact_with_furnace":1,"minecraft:sprint_one_cm":16622,"minecraft:damage_taken":110,"minecraft:walk_one_cm":108035,"minecraft:interact_with_crafting_table":2,"minecraft:fly_one_cm":20319,"minecraft:open_chest":4,"minecraft:crouch_one_cm":735,"minecraft:play_time":37758,"minecraft:sneak_time":333,"minecraft:walk_under_water_one_cm":3550,"minecraft:boat_one_cm":98300,"minecraft:jump":188,"minecraft:interact_with_blast_furnace":1,"minecraft:time_since_death":37758,"minecraft:walk_on_water_one_cm":559,"minecraft:sleep_in_bed":1,"minecraft:total_world_time":37758,"minecraft:fall_one_cm":3007},"minecraft:used":{"minecraft:spruce_boat":3,"minecraft:stone_pickaxe":5,"minecraft:iron_helmet":1,"minecraft:wooden_pickaxe":6,"botania:yellow_double_flower":1,"minecraft:iron_chestplate":1,"minecraft:torch":2,"minecraft:crafting_table":2,"minecraft:carrot":1,"alexsmobs:animal_dictionary":1,"minecraft:spruce_log":6}},"DataVersion":2975}