{"stats":{"minecraft:killed":{"minecraft:skeleton":3,"minecraft:zombie":12,"minecraft:drowned":1},"minecraft:broken":{"minecraft:stone_pickaxe":1},"minecraft:dropped":{"botania:green_petal":2,"minecraft:flint":1,"minecraft:melon_seeds":2},"minecraft:killed_by":{"alexsmobs:rocky_roller":1,"minecraft:skeleton":1,"minecraft:zombie":2},"minecraft:picked_up":{"minecraft:crafting_table":5,"minecraft:wheat":22,"minecraft:filled_map":2,"paraglider:spirit_orb":3,"minecraft:flint":3,"minecraft:map":2,"minecraft:dirt":10,"minecraft:blue_bed":4,"minecraft:raw_copper":27,"bhc:red_heart":2,"minecraft:bone":3,"minecraft:gold_nugget":8,"farmersrespite:tea_seeds":1,"minecraft:sugar_cane":4,"minecraft:chest":6,"minecraft:raw_iron":10,"minecraft:stick":7,"botania:yellow_double_flower":1,"minecraft:gravel":30,"minecraft:spruce_sapling":6,"minecraft:carrot":1,"minecraft:spruce_log":51,"minecraft:arrow":3,"minecraft:stone_sword":2,"minecraft:cactus":2,"minecraft:rotten_flesh":18,"minecraft:spruce_boat":3,"minecraft:melon_seeds":2,"botania:green_mystical_flower":5,"minecraft:coal":97,"minecraft:cobblestone":142},"minecraft:crafted":{"botania:green_petal":2,"minecraft:wooden_shovel":1,"minecraft:crafting_table":2,"minecraft:spruce_planks":60,"minecraft:wooden_pickaxe":2,"minecraft:furnace":2,"minecraft:stone_axe":1,"minecraft:bread":6,"minecraft:air":0,"minecraft:stick":24,"minecraft:iron_ingot":10,"minecraft:iron_pickaxe":1,"minecraft:stone_pickaxe":3,"minecraft:stone_sword":2,"minecraft:spruce_boat":2,"minecraft:torch":12},"minecraft:mined":{"botania:green_mystical_flower":5,"minecraft:crafting_table":5,"botania:yellow_double_flower":1,"minecraft:grass_block":5,"minecraft:chest":3,"minecraft:dead_bush":1,"farmersrespite:wild_tea_bush":1,"minecraft:copper_ore":5,"minecraft:spruce_leaves":43,"minecraft:sugar_cane":1,"minecraft:blue_bed":4,"supplementaries:urn":1,"minecraft:carrots":1,"minecraft:iron_ore":8,"minecraft:spruce_log":51,"minecraft:coal_ore":84,"minecraft:deepslate_iron_ore":2,"minecraft:gravel":16,"minecraft:dirt":5,"minecraft:stone":127},"minecraft:custom":{"minecraft:interact_with_furnace":9,"minecraft:mob_kills":16,"minecraft:interact_with_crafting_table":20,"minecraft:damage_dealt_resisted":15,"minecraft:leave_game":1,"minecraft:time_since_death":14014,"minecraft:sleep_in_bed":2,"minecraft:time_since_rest":14373,"minecraft:waystone_activated":1,"minecraft:sprint_one_cm":41586,"minecraft:damage_taken":1649,"minecraft:walk_one_cm":371496,"minecraft:drop":5,"minecraft:damage_dealt":2959,"minecraft:damage_dealt_absorbed":22,"minecraft:swim_one_cm":896,"minecraft:fly_one_cm":94231,"minecraft:open_chest":30,"minecraft:crouch_one_cm":3351,"minecraft:play_time":108864,"minecraft:deaths":5,"minecraft:sneak_time":2260,"minecraft:walk_under_water_one_cm":14993,"minecraft:boat_one_cm":98300,"minecraft:jump":902,"minecraft:interact_with_blast_furnace":1,"minecraft:walk_on_water_one_cm":20017,"minecraft:total_world_time":108864,"minecraft:fall_one_cm":15296},"minecraft:used":{"minecraft:stone_sword":59,"minecraft:stone_pickaxe":216,"minecraft:chest":3,"minecraft:wooden_pickaxe":10,"minecraft:blue_bed":4,"minecraft:rotten_flesh":1,"minecraft:iron_chestplate":1,"minecraft:torch":12,"minecraft:dirt":6,"minecraft:crafting_table":6,"minecraft:carrot":1,"minecraft:spruce_log":11,"minecraft:spruce_boat":3,"minecraft:bread":1,"minecraft:map":2,"minecraft:iron_helmet":1,"botania:yellow_double_flower":1,"minecraft:gravel":9,"minecraft:stone_axe":38,"minecraft:cobblestone":20,"minecraft:furnace":1,"alexsmobs:animal_dictionary":1}},"DataVersion":2975}