{"stats":{"minecraft:killed":{"minecraft:skeleton":1,"minecraft:zombie":2,"minecraft:drowned":1},"minecraft:broken":{"minecraft:stone_pickaxe":1},"minecraft:killed_by":{"minecraft:skeleton":1},"minecraft:crafted":{"minecraft:wooden_shovel":1,"minecraft:crafting_table":1,"minecraft:spruce_planks":32,"minecraft:stick":16,"minecraft:wooden_pickaxe":1,"minecraft:stone_pickaxe":2,"minecraft:stone_sword":1,"minecraft:spruce_boat":1,"minecraft:torch":8},"minecraft:mined":{"minecraft:carrots":1,"minecraft:spruce_log":14,"minecraft:crafting_table":2,"botania:yellow_double_flower":1,"minecraft:chest":3,"minecraft:coal_ore":63,"minecraft:dead_bush":1,"farmersrespite:wild_tea_bush":1,"minecraft:gravel":14,"minecraft:copper_ore":5,"minecraft:spruce_leaves":40,"minecraft:stone":76,"minecraft:sugar_cane":1},"minecraft:picked_up":{"minecraft:stick":2,"minecraft:crafting_table":2,"minecraft:wheat":2,"botania:yellow_double_flower":1,"minecraft:gravel":14,"paraglider:spirit_orb":1,"minecraft:flint":1,"minecraft:spruce_sapling":1,"minecraft:carrot":1,"minecraft:spruce_log":14,"minecraft:map":1,"minecraft:raw_copper":20,"minecraft:cactus":1,"minecraft:rotten_flesh":4,"minecraft:spruce_boat":3,"farmersrespite:tea_seeds":1,"minecraft:sugar_cane":4,"minecraft:chest":3,"minecraft:coal":68,"minecraft:cobblestone":78},"minecraft:custom":{"minecraft:time_since_rest":15748,"minecraft:waystone_activated":1,"minecraft:interact_with_furnace":1,"minecraft:sprint_one_cm":20456,"minecraft:damage_taken":204,"minecraft:walk_one_cm":201009,"minecraft:mob_kills":4,"minecraft:damage_dealt":970,"minecraft:interact_with_crafting_table":3,"minecraft:fly_one_cm":25413,"minecraft:open_chest":14,"minecraft:crouch_one_cm":2051,"minecraft:play_time":62397,"minecraft:deaths":1,"minecraft:sneak_time":1278,"minecraft:walk_under_water_one_cm":3550,"minecraft:boat_one_cm":98300,"minecraft:jump":378,"minecraft:leave_game":1,"minecraft:interact_with_blast_furnace":1,"minecraft:time_since_death":15698,"minecraft:walk_on_water_one_cm":559,"minecraft:sleep_in_bed":1,"minecraft:total_world_time":62397,"minecraft:fall_one_cm":4249},"minecraft:used":{"minecraft:spruce_boat":3,"minecraft:stone_sword":17,"minecraft:stone_pickaxe":138,"minecraft:iron_helmet":1,"minecraft:wooden_pickaxe":6,"minecraft:gravel":9,"botania:yellow_double_flower":1,"minecraft:rotten_flesh":1,"minecraft:iron_chestplate":1,"minecraft:torch":8,"minecraft:cobblestone":5,"minecraft:crafting_table":2,"minecraft:carrot":1,"alexsmobs:animal_dictionary":1,"minecraft:spruce_log":6}},"DataVersion":2975}