{"stats":{"minecraft:killed":{"minecraft:vindicator":1,"minecraft:spider":3,"minecraft:skeleton":3,"minecraft:drowned":3,"alexsmobs:flying_fish":5,"minecraft:pig":9,"minecraft:creeper":4,"minecraft:pillager":1,"minecraft:zombie":7,"minecraft:cow":30},"minecraft:dropped":{"minecraft:iron_sword":1,"minecraft:wheat_seeds":4,"farmersdelight:pumpkin_slice":11,"farmersdelight:skillet":2,"minecraft:cooked_porkchop":3,"botania:red_petal":1,"botania:orange_mystical_flower":1,"minecraft:feather":1,"minecraft:coal":6,"minecraft:red_mushroom":1,"minecraft:cod":5,"minecraft:dirt":1,"botania:manasteel_pick":1,"minecraft:oak_stairs":2,"minecraft:pumpkin":10,"minecraft:string":5,"minecraft:gravel":4,"alexsmobs:animal_dictionary":1,"minecraft:clay_ball":5,"minecraft:pumpkin_seeds":26,"minecraft:carrot":1,"minecraft:filled_map":1,"farmersdelight:cutting_board":1,"farmersdelight:flint_knife":2,"minecraft:spruce_planks":1,"minecraft:oak_sapling":2,"minecraft:spruce_log":1,"minecraft:beef":2,"farmersdelight:ham":1,"botania:magenta_mystical_flower":1,"minecraft:egg":4},"minecraft:killed_by":{"minecraft:player":1},"minecraft:mined":{"minecraft:spruce_planks":1,"farmersdelight:rich_soil":5,"botania:red_mystical_flower":1,"farmersdelight:wild_carrots":4,"minecraft:grass_block":5,"minecraft:spruce_leaves":3,"minecraft:red_mushroom":1,"minecraft:kelp":1,"botania:light_gray_mystical_flower":3,"minecraft:large_fern":4,"botania:magenta_mystical_flower":1,"botania:purple_mystical_flower":5,"minecraft:pumpkin":18,"minecraft:dirt_path":1,"minecraft:oak_stairs":1,"minecraft:stone":12,"botania:light_blue_double_flower":1,"botania:light_blue_mystical_flower":18,"minecraft:white_wool":5,"botania:green_mystical_flower":3,"botania:lime_mystical_flower":7,"botania:orange_mystical_flower":2,"minecraft:brown_mushroom":2,"farmersdelight:organic_compost":7,"minecraft:kelp_plant":1,"minecraft:clay":6,"minecraft:purple_wall_banner":1,"minecraft:poppy":1,"botania:purple_double_flower":1,"farmersdelight:brown_mushroom_colony":2,"minecraft:tall_grass":40,"botania:blue_mystical_flower":6,"botania:white_double_flower":1,"minecraft:sugar_cane":3,"minecraft:oak_planks":1,"botania:cyan_mystical_flower":6,"farmersdelight:cutting_board":1,"minecraft:spruce_log":2,"minecraft:grass":235,"botania:white_mystical_flower":14,"botania:yellow_mystical_flower":5,"minecraft:coal_ore":6,"botania:gray_double_flower":1,"minecraft:gravel":13,"minecraft:dirt":7,"botania:gray_mystical_flower":2,"minecraft:cobweb":9,"minecraft:fern":31},"minecraft:picked_up":{"minecraft:crafting_table":1,"minecraft:clay_ball":24,"minecraft:brown_mushroom":12,"minecraft:wooden_pickaxe":1,"minecraft:oak_stairs":3,"farmersdelight:cutting_board":2,"minecraft:cornflower":2,"minecraft:string":12,"minecraft:iron_leggings":1,"minecraft:purple_banner":2,"botania:magenta_mystical_flower":2,"minecraft:spruce_planks":1,"minecraft:beef":53,"farmersdelight:straw":52,"minecraft:iron_pickaxe":1,"minecraft:poppy":1,"minecraft:sugar_cane":6,"minecraft:egg":4,"minecraft:stick":8,"minecraft:porkchop":15,"minecraft:carrot":3,"minecraft:rotten_flesh":13,"minecraft:arrow":8,"alexsmobs:flying_fish_boots":1,"minecraft:hay_block":3,"minecraft:cod":5,"alexsmobs:flying_fish":5,"minecraft:white_wool":5,"minecraft:cobblestone":12,"paraglider:paraglider":1,"farmersdelight:rich_soil":5,"minecraft:feather":2,"minecraft:cooked_beef":4,"minecraft:leather":63,"minecraft:red_mushroom":1,"minecraft:acacia_wood":1,"minecraft:flint":1,"minecraft:gunpowder":3,"farmersdelight:skillet":2,"mca:book_romance":1,"farmersdelight:flint_knife":1,"minecraft:dirt":29,"botania:light_blue_mystical_flower":2,"farmersdelight:organic_compost":7,"minecraft:bone":10,"minecraft:acacia_planks":5,"minecraft:wheat_seeds":21,"farmersdelight:pumpkin_slice":64,"minecraft:iron_ingot":4,"minecraft:stone_pickaxe":2,"minecraft:oak_planks":8,"minecraft:iron_sword":1,"botania:red_mystical_flower":1,"minecraft:cooked_porkchop":8,"minecraft:pumpkin":22,"minecraft:sweet_berries":69,"minecraft:gravel":12,"minecraft:spruce_sapling":1,"minecraft:spruce_log":3,"farmersdelight:ham":2,"alexsmobs:animal_dictionary":3,"minecraft:pumpkin_seeds":22,"botania:orange_mystical_flower":1,"botania:manasteel_pick":1,"minecraft:bone_meal":1,"minecraft:emerald":1,"minecraft:bread":20,"minecraft:jack_o_lantern":1,"minecraft:oak_sapling":2,"minecraft:coal":6},"minecraft:crafted":{"minecraft:brick":19,"botania:red_petal":2,"botania:flower_bag":1,"minecraft:chest":1,"paraglider:paraglider":1,"minecraft:red_dye":1,"sophisticatedbackpacks:backpack":1,"minecraft:cooked_porkchop":3,"minecraft:spruce_planks":8,"farmersdelight:iron_knife":1,"farmersdelight:flint_knife":1,"minecraft:pumpkin_seeds":16,"farmersdelight:skillet":1,"farmersdelight:sweet_berry_cookie":48,"farmersdelight:cutting_board":1,"minecraft:shield":2,"minecraft:stick":4},"minecraft:custom":{"minecraft:interact_with_smithing_table":3,"minecraft:mob_kills":66,"minecraft:interact_with_crafting_table":14,"minecraft:open_barrel":13,"minecraft:interact_with_campfire":19,"minecraft:leave_game":6,"minecraft:time_since_death":160716,"minecraft:climb_one_cm":2143,"minecraft:sprint_one_cm":339694,"minecraft:walk_one_cm":919813,"minecraft:damage_blocked_by_shield":370,"minecraft:drop":93,"minecraft:talked_to_villager":1,"minecraft:play_time":183207,"minecraft:deaths":1,"minecraft:sneak_time":1480,"minecraft:walk_under_water_one_cm":25714,"minecraft:jump":2276,"minecraft:walk_on_water_one_cm":30733,"minecraft:total_world_time":183207,"minecraft:interact_with_furnace":9,"minecraft:sleep_in_bed":7,"minecraft:time_since_rest":3767,"minecraft:waystone_activated":3,"minecraft:damage_taken":2199,"minecraft:damage_dealt":8540,"minecraft:swim_one_cm":13470,"minecraft:fly_one_cm":313547,"minecraft:player_kills":1,"minecraft:open_chest":33,"minecraft:crouch_one_cm":1763,"minecraft:fall_one_cm":38051,"minecraft:horse_one_cm":82079},"minecraft:used":{"minecraft:iron_shovel":6,"minecraft:shield":8,"minecraft:iron_sword":10,"minecraft:dirt":12,"farmersdelight:flint_knife":80,"farmersdelight:sweet_berry_cookie":19,"carryon:entity_item":3,"farmersdelight:cutting_board":1,"minecraft:bow":25,"minecraft:beef":1,"minecraft:sweet_berries":14,"farmersdelight:iron_knife":555,"farmersdelight:skillet":5,"minecraft:stone_pickaxe":21,"minecraft:baked_potato":2,"alexsmobs:flying_fish_boots":3,"minecraft:wooden_pickaxe":1,"farmersdelight:pumpkin_slice":36,"minecraft:crafting_table":1,"minecraft:bread":4,"botania:manasteel_pick":2,"minecraft:gravel":8,"minecraft:cobblestone":1,"minecraft:cooked_porkchop":8,"minecraft:cobweb":1}},"DataVersion":2975}