{"stats":{"minecraft:killed":{"minecraft:cave_spider":9,"minecraft:spider":18,"minecraft:skeleton":17,"minecraft:chicken":1,"artifacts:mimic":3,"minecraft:pig":16,"alexsmobs:grizzly_bear":1,"twilightforest:skeleton_druid":3,"minecraft:creeper":6,"minecraft:pillager":1,"minecraft:zombie":40,"minecraft:cow":43,"minecraft:vindicator":1,"minecraft:drowned":3,"alexsmobs:flying_fish":5,"minecraft:bat":1,"twilightforest:kobold":3},"minecraft:used":{"minecraft:iron_shovel":140,"minecraft:spruce_slab":16,"farmersdelight:cabbage_seeds":37,"minecraft:diamond_hoe":140,"botania:magenta_mushroom":1,"farmersdelight:stove":1,"minecraft:shield":30,"minecraft:iron_sword":10,"botania:orange_mushroom":1,"minecraft:carrot":45,"farmersdelight:sweet_berry_cookie":42,"farmersdelight:roast_chicken":1,"farmersdelight:rotten_tomato":1,"minecraft:iron_helmet":1,"supplementaries:bomb_blue":2,"carryon:tile_item":1,"farmersdelight:cutting_board":2,"minecraft:bow":56,"minecraft:sweet_berries":20,"minecraft:written_book":1,"minecraft:furnace":2,"farmersdelight:safety_net":4,"minecraft:potato":42,"twilightforest:naga_trophy":1,"minecraft:oak_planks":2,"minecraft:stone_pickaxe":88,"alexsmobs:flying_fish_boots":4,"minecraft:wooden_pickaxe":1,"minecraft:sugar_cane":9,"farmersdelight:pumpkin_slice":36,"botania:cyan_mushroom":1,"farmersdelight:organic_compost":7,"minecraft:golden_apple":1,"minecraft:glow_berries":8,"farmersdelight:rice":11,"minecraft:shears":27,"minecraft:pumpkin_seeds":5,"minecraft:bread":20,"botania:manasteel_pick":2,"minecraft:gravel":8,"supplementaries:flax_seeds":22,"supplementaries:soap":1,"minecraft:bone_meal":75,"minecraft:cobweb":1,"minecraft:oak_fence":4,"farmersdelight:diamond_knife":158,"twilightforest:torchberries":1,"farmersdelight:rich_soil":6,"minecraft:torch":55,"minecraft:dirt":28,"farmersdelight:flint_knife":80,"minecraft:spruce_fence":8,"farmersdelight:rope":37,"minecraft:chipped_anvil":1,"minecraft:iron_axe":41,"minecraft:oak_stairs":1,"carryon:entity_item":22,"minecraft:melon_seeds":7,"minecraft:beef":1,"farmersdelight:cooking_pot":4,"farmersdelight:tomato_seeds":6,"minecraft:cobbled_deepslate_wall":6,"minecraft:cooked_beef":21,"farmersdelight:cooked_rice":4,"minecraft:cobbled_deepslate":8,"farmersdelight:roast_chicken_block":1,"minecraft:wheat_seeds":38,"farmersdelight:iron_knife":661,"minecraft:water_bucket":34,"farmersdelight:skillet":242,"minecraft:baked_potato":4,"minecraft:brown_mushroom":5,"minecraft:mossy_cobblestone":2,"farmersdelight:onion":37,"minecraft:crafting_table":1,"supplementaries:bomb":2,"minecraft:red_mushroom":3,"minecraft:white_bed":1,"alexsmobs:flying_fish":2,"farmersdelight:pasta_with_meatballs":11,"minecraft:iron_pickaxe":393,"minecraft:stone_axe":4,"minecraft:cobblestone":5,"minecraft:purple_bed":1,"minecraft:porkchop":2,"minecraft:cooked_porkchop":11,"minecraft:bucket":56},"minecraft:picked_up":{"minecraft:iron_chestplate":1,"minecraft:wheat":34,"minecraft:anvil":1,"supplementaries:bomb_blue":2,"farmersdelight:rice_panicle":29,"minecraft:oak_stairs":3,"farmersdelight:cutting_board":2,"minecraft:music_disc_cat":1,"minecraft:string":35,"minecraft:raw_copper":3,"minecraft:iron_leggings":2,"minecraft:purple_banner":3,"minecraft:gold_nugget":1,"minecraft:cobbled_deepslate":173,"farmersdelight:cabbage":30,"minecraft:spruce_planks":1,"artifacts:aqua_dashers":1,"minecraft:written_book":4,"minecraft:iron_pickaxe":3,"minecraft:melon_slice":100,"farmersdelight:cabbage_seeds":77,"minecraft:furnace":2,"minecraft:stick":25,"farmersdelight:rotten_tomato":2,"minecraft:oak_fence":4,"minecraft:torch":57,"minecraft:porkchop":33,"minecraft:vine":1,"supplementaries:flax":20,"alexsmobs:centipede_leg":1,"minecraft:rotten_flesh":53,"farmersdelight:onion":94,"alexsmobs:flying_fish_boots":2,"supplementaries:antique_ink":1,"farmersdelight:rope":57,"supplementaries:ash":38,"farmersdelight:raw_pasta":63,"minecraft:cod":13,"alexsmobs:flying_fish":24,"minecraft:cobblestone":26,"paraglider:paraglider":2,"botania:cyan_mushroom":1,"minecraft:feather":3,"minecraft:cooked_beef":59,"farmersdelight:rice":7,"minecraft:water_bucket":1,"farmersdelight:safety_net":4,"minecraft:potato":118,"alexsmobs:bison_fur":11,"supplementaries:soap":1,"paraglider:spirit_orb":6,"minecraft:flint":1,"minecraft:tuff":5,"create:raw_zinc":2,"supplementaries:flax_seeds":40,"botania:magenta_mushroom":1,"minecraft:lapis_lazuli":9,"farmersdelight:tomato":89,"minecraft:dirt":65,"minecraft:name_tag":1,"bhc:red_heart":3,"minecraft:acacia_planks":5,"minecraft:bone":38,"farmersdelight:iron_knife":1,"minecraft:bow":1,"minecraft:wheat_seeds":114,"minecraft:orange_tulip":7,"minecraft:raw_gold":38,"farmersdelight:pumpkin_slice":64,"artifacts:antidote_vessel":2,"minecraft:powered_rail":2,"minecraft:oak_planks":83,"minecraft:mossy_stone_brick_stairs":1,"minecraft:debug_stick":1,"botania:red_mystical_flower":1,"minecraft:cooked_porkchop":8,"minecraft:sand":133,"sophisticatedbackpacks:jukebox_upgrade":1,"farmersdelight:ham":5,"alexsmobs:animal_dictionary":3,"minecraft:mossy_cobblestone":2,"twilightforest:mossy_etched_nagastone":1,"twilightforest:twilight_oak_sapling":1,"minecraft:diamond":81,"artifacts:crystal_heart":1,"supplementaries:bubble_blower":1,"botania:orange_mushroom":1,"botania:manasteel_pick":1,"minecraft:bone_meal":5,"minecraft:golden_apple":1,"minecraft:emerald":1,"minecraft:bread":37,"minecraft:jack_o_lantern":1,"minecraft:oak_sapling":2,"twilightforest:torchberries":5,"sophisticatedbackpacks:gold_backpack":1,"minecraft:spruce_leaves":23,"minecraft:crafting_table":1,"artifacts:night_vision_goggles":1,"minecraft:chicken":1,"minecraft:clay_ball":25,"minecraft:brown_mushroom":32,"minecraft:wooden_pickaxe":1,"farmersdelight:tomato_sauce":21,"minecraft:shield":2,"minecraft:cornflower":4,"supplementaries:statue":1,"minecraft:white_carpet":3,"minecraft:iron_shovel":1,"botania:magenta_mystical_flower":2,"supplementaries:bomb":2,"minecraft:cracked_stone_bricks":1,"twilightforest:nagastone_head":1,"minecraft:beef":80,"farmersdelight:straw":66,"twilightforest:naga_scale":2,"minecraft:poppy":4,"minecraft:spruce_slab":4,"minecraft:minecart":1,"supplementaries:rope":23,"minecraft:sugar_cane":53,"minecraft:chest":1,"minecraft:egg":8,"minecraft:raw_iron":89,"artifacts:charm_of_sinking":1,"farmersdelight:minced_beef":63,"sophisticatedbackpacks:crafting_upgrade":1,"minecraft:bowl":44,"botania:mana_bottle":1,"botania:purple_mushroom":1,"artifacts:vampiric_glove":1,"minecraft:carrot":132,"minecraft:redstone":50,"minecraft:arrow":42,"twilightforest:cicada":1,"minecraft:hay_block":3,"twilightforest:peacock_feather_fan":1,"minecraft:gold_ingot":3,"artifacts:pocket_piston":1,"minecraft:glow_berries":13,"minecraft:rail":9,"minecraft:skeleton_skull":1,"minecraft:white_wool":7,"farmersdelight:rich_soil":6,"minecraft:birch_leaves":1,"artifacts:digging_claws":4,"minecraft:glow_ink_sac":7,"minecraft:salmon":1,"minecraft:leather":84,"minecraft:red_mushroom":12,"minecraft:acacia_wood":1,"botania:light_gray_mushroom":1,"supplementaries:rope_arrow":1,"botania:flower_bag":2,"minecraft:gunpowder":6,"farmersdelight:skillet":6,"mca:book_romance":1,"farmersdelight:flint_knife":1,"minecraft:white_banner":1,"botania:light_blue_mystical_flower":2,"farmersdelight:organic_compost":7,"farmersdelight:cooking_pot":3,"farmersdelight:apple_cider":1,"minecraft:iron_ingot":5,"minecraft:stone_pickaxe":3,"minecraft:cobweb":1,"artifacts:kitty_slippers":1,"minecraft:iron_sword":1,"minecraft:milk_bucket":1,"minecraft:pumpkin":40,"minecraft:sweet_berries":150,"minecraft:dandelion":1,"minecraft:gravel":15,"minecraft:spruce_sapling":4,"minecraft:white_bed":1,"minecraft:spruce_log":13,"minecraft:spider_eye":8,"minecraft:pumpkin_seeds":28,"minecraft:purple_bed":1,"botania:orange_mystical_flower":1,"minecraft:iron_helmet":1,"naturescompass:naturescompass":1,"minecraft:melon_seeds":5,"minecraft:coal":18},"minecraft:killed_by":{"minecraft:creeper":1,"minecraft:player":1},"minecraft:crafted":{"minecraft:brick":19,"paraglider:deku_leaf":3,"botania:red_petal":2,"farmersdelight:safety_net":4,"sophisticatedbackpacks:smelting_upgrade":1,"minecraft:glass":64,"minecraft:iron_boots":2,"minecraft:melon_seeds":2,"farmersdelight:tomato_sauce":12,"minecraft:chest":1,"minecraft:bricks":4,"farmersdelight:stove":1,"supplementaries:rope_arrow":4,"minecraft:wooden_shovel":1,"sophisticatedbackpacks:backpack":1,"minecraft:cooked_porkchop":3,"minecraft:spruce_planks":36,"farmersdelight:iron_knife":1,"farmersdelight:flint_knife":1,"minecraft:iron_helmet":2,"minecraft:golden_pickaxe":1,"minecraft:red_wool":2,"minecraft:cobbled_deepslate_wall":6,"minecraft:pumpkin_seeds":20,"minecraft:campfire":1,"farmersdelight:wheat_dough":66,"farmersdelight:skillet":1,"sophisticatedbackpacks:upgrade_base":1,"farmersdelight:apple_cider":3,"farmersdelight:horse_feed":1,"farmersdelight:cutting_board":1,"minecraft:iron_chestplate":1,"minecraft:shield":2,"sophisticatedbackpacks:diamond_backpack":1,"minecraft:stick":20,"minecraft:leather_chestplate":1,"minecraft:iron_ingot":36,"minecraft:iron_pickaxe":4,"minecraft:gold_ingot":4,"mca:engagement_ring_rg":1,"minecraft:shears":1,"farmersdelight:milk_bottle":4,"minecraft:golden_carrot":1,"farmersdelight:cooked_rice":4,"minecraft:diamond_hoe":1,"farmersdelight:pasta_with_meatballs":25,"minecraft:furnace":1,"farmersdelight:roast_chicken_block":1,"mca:bouquet":1,"minecraft:bone_meal":84,"minecraft:spruce_fence":6,"minecraft:white_carpet":3,"minecraft:spruce_slab":12,"botania:flower_bag":1,"farmersdelight:rice":8,"minecraft:wheat":63,"sophisticatedbackpacks:iron_backpack":1,"minecraft:red_dye":3,"paraglider:paraglider":3,"minecraft:sugar":3,"minecraft:bowl":16,"farmersdelight:cooking_pot":1,"sophisticatedbackpacks:gold_backpack":1,"minecraft:bucket":1,"minecraft:red_carpet":3,"farmersdelight:sweet_berry_cookie":48,"minecraft:air":0,"minecraft:blue_dye":1,"minecraft:white_wool":2,"twilightforest:naga_chestplate":1,"minecraft:gold_nugget":9,"mca:rose_gold_dust":12,"minecraft:iron_leggings":1,"farmersdelight:diamond_knife":1,"farmersdelight:rice_bale":1,"minecraft:torch":4,"minecraft:diamond_chestplate":1},"minecraft:mined":{"minecraft:spruce_planks":1,"minecraft:white_bed":1,"farmersdelight:rich_soil":6,"minecraft:farmland":11,"botania:red_mystical_flower":3,"botania:pink_double_flower":1,"minecraft:grass_block":12,"botania:light_gray_mystical_flower":3,"minecraft:spawner":3,"botania:cyan_mushroom":1,"botania:purple_mystical_flower":5,"minecraft:iron_ore":10,"minecraft:cobbled_deepslate":6,"minecraft:pumpkin":36,"minecraft:anvil":1,"minecraft:dirt_path":1,"minecraft:oak_stairs":1,"farmersdelight:rice_panicles":34,"botania:brown_mystical_flower":1,"botania:light_blue_mystical_flower":22,"minecraft:spruce_slab":3,"botania:green_mystical_flower":10,"minecraft:deepslate_redstone_ore":11,"botania:orange_mystical_flower":2,"minecraft:brown_mushroom":2,"minecraft:melon_stem":3,"farmersdelight:organic_compost":7,"minecraft:kelp_plant":1,"minecraft:clay":6,"minecraft:torch":4,"minecraft:melon":20,"botania:purple_double_flower":1,"minecraft:poppy":4,"farmersdelight:safety_net":4,"farmersdelight:brown_mushroom_colony":6,"farmersdelight:cabbages":30,"minecraft:oak_planks":10,"minecraft:sugar_cane":35,"minecraft:cobblestone":5,"botania:blue_mystical_flower":12,"botania:blue_double_flower":1,"minecraft:wall_torch":4,"minecraft:seagrass":3,"twilightforest:cicada":1,"farmersdelight:cutting_board":1,"minecraft:wheat":31,"minecraft:orange_tulip":7,"minecraft:grass":275,"botania:gray_double_flower":2,"minecraft:dirt":25,"minecraft:sand":133,"minecraft:deepslate":157,"minecraft:oak_leaves":1,"botania:magenta_double_flower":2,"botania:magenta_mushroom":1,"minecraft:tuff":6,"farmersdelight:onions":26,"minecraft:deepslate_diamond_ore":23,"farmersdelight:wild_carrots":4,"botania:brown_double_flower":1,"botania:cyan_double_flower":1,"botania:orange_mushroom":1,"minecraft:spruce_leaves":75,"twilightforest:nagastone_head":1,"minecraft:kelp":1,"minecraft:red_mushroom":2,"farmersdelight:red_mushroom_colony":2,"minecraft:large_fern":5,"farmersdelight:wild_onions":2,"botania:purple_mushroom":1,"supplementaries:rope":2,"botania:magenta_mystical_flower":12,"minecraft:furnace":2,"minecraft:carrots":34,"supplementaries:flax":20,"twilightforest:twilight_oak_leaves":4,"minecraft:mossy_stone_brick_stairs":1,"minecraft:potatoes":31,"farmersdelight:rope":21,"minecraft:deepslate_iron_ore":74,"minecraft:vine":1,"minecraft:packed_ice":87,"botania:light_blue_double_flower":1,"minecraft:white_tulip":1,"minecraft:stone":19,"minecraft:white_wool":7,"farmersdelight:cooking_pot":3,"twilightforest:mossy_etched_nagastone":1,"botania:lime_mystical_flower":7,"minecraft:dandelion":1,"minecraft:cornflower":1,"minecraft:purple_wall_banner":1,"minecraft:rose_bush":1,"minecraft:copper_ore":1,"minecraft:tall_grass":45,"minecraft:deepslate_gold_ore":38,"botania:white_double_flower":1,"supplementaries:urn":19,"botania:cyan_mystical_flower":7,"minecraft:purple_bed":1,"minecraft:sweet_berry_bush":1,"minecraft:ice":6,"minecraft:spruce_log":10,"minecraft:birch_leaves":1,"botania:white_mystical_flower":14,"botania:yellow_mystical_flower":5,"minecraft:coal_ore":17,"minecraft:gravel":16,"minecraft:cobweb":9,"botania:gray_mystical_flower":12,"minecraft:cracked_stone_bricks":1,"minecraft:fern":38},"minecraft:custom":{"minecraft:interact_with_crafting_table":31,"minecraft:open_barrel":33,"minecraft:eat_cake_slice":5,"minecraft:leave_game":12,"minecraft:time_since_death":472705,"minecraft:sprint_one_cm":1116335,"minecraft:damage_blocked_by_shield":1355,"minecraft:drop":263,"minecraft:talked_to_villager":2,"minecraft:play_time":804894,"minecraft:deaths":2,"minecraft:interact_with_brewingstand":1,"minecraft:jump":8065,"minecraft:walk_on_water_one_cm":83677,"minecraft:interact_with_furnace":42,"minecraft:sleep_in_bed":21,"minecraft:waystone_activated":3,"minecraft:damage_dealt":26688,"minecraft:player_kills":1,"minecraft:crouch_one_cm":13560,"minecraft:interact_with_smoker":1,"minecraft:interact_with_smithing_table":4,"minecraft:horse_one_cm":1277692,"minecraft:interact_with_anvil":2,"minecraft:mob_kills":181,"minecraft:interact_with_campfire":31,"minecraft:climb_one_cm":6799,"minecraft:walk_one_cm":3219995,"minecraft:sneak_time":7060,"minecraft:walk_under_water_one_cm":70135,"minecraft:interact_with_blast_furnace":5,"minecraft:total_world_time":804894,"minecraft:time_since_rest":10983,"minecraft:damage_taken":6733,"minecraft:trigger_trapped_chest":3,"minecraft:swim_one_cm":21882,"minecraft:fly_one_cm":1111560,"minecraft:open_chest":122,"minecraft:fall_one_cm":126960},"minecraft:broken":{"minecraft:iron_chestplate":1,"farmersdelight:iron_knife":1,"minecraft:iron_helmet":1},"minecraft:dropped":{"minecraft:iron_sword":1,"minecraft:cooked_beef":29,"farmersdelight:pumpkin_slice":11,"minecraft:golden_pickaxe":1,"minecraft:diamond":40,"minecraft:cooked_porkchop":3,"minecraft:orange_tulip":1,"minecraft:cookie":10,"minecraft:leather":2,"minecraft:iron_horse_armor":1,"botania:flower_bag":1,"alexsmobs:flying_fish_boots":1,"minecraft:red_mushroom":1,"artifacts:vampiric_glove":1,"minecraft:cod":11,"minecraft:dirt":1,"minecraft:cornflower":1,"farmersdelight:safety_net":4,"alexsmobs:flying_fish":11,"botania:light_gray_mushroom":2,"farmersdelight:sweet_berry_cookie":6,"minecraft:pumpkin_pie":3,"minecraft:bone_meal":1,"minecraft:iron_pickaxe":5,"minecraft:gravel":4,"alexsmobs:animal_dictionary":1,"minecraft:cobbled_deepslate":1,"minecraft:purple_banner":1,"minecraft:rotten_flesh":4,"minecraft:oak_planks":1,"twilightforest:torchberries":4,"minecraft:salmon":1,"minecraft:carrot":1,"botania:manasteel_ingot":4,"paraglider:deku_leaf":2,"farmersdelight:cutting_board":1,"minecraft:leather_chestplate":1,"farmersdelight:rice_panicle":1,"minecraft:skeleton_skull":1,"minecraft:beef":2,"minecraft:written_book":1,"minecraft:egg":6,"minecraft:bread":7,"minecraft:wheat_seeds":4,"farmersdelight:skillet":5,"botania:red_petal":1,"twilightforest:nagastone_head":1,"botania:orange_mystical_flower":1,"minecraft:iron_helmet":1,"minecraft:feather":1,"twilightforest:twilight_oak_sapling":1,"minecraft:coal":14,"minecraft:stick":1,"minecraft:torch":12,"botania:manasteel_pick":1,"minecraft:oak_stairs":2,"minecraft:pumpkin":10,"twilightforest:cicada":1,"minecraft:string":7,"artifacts:digging_claws":4,"farmersdelight:pasta_with_meatballs":6,"artifacts:kitty_slippers":1,"twilightforest:peacock_feather_fan":1,"minecraft:white_carpet":5,"minecraft:clay_ball":5,"minecraft:iron_boots":1,"farmersdelight:straw":1,"minecraft:debug_stick":2,"farmersdelight:roast_chicken":1,"minecraft:pumpkin_seeds":33,"minecraft:filled_map":1,"twilightforest:mossy_etched_nagastone":1,"farmersdelight:flint_knife":2,"minecraft:shield":1,"minecraft:spruce_planks":1,"artifacts:antidote_vessel":1,"artifacts:pocket_piston":1,"minecraft:oak_sapling":2,"supplementaries:bubble_blower":1,"minecraft:spruce_log":1,"minecraft:stone_pickaxe":1,"farmersdelight:apple_cider":3,"farmersdelight:ham":2,"farmersdelight:tomato":3,"botania:magenta_mystical_flower":1}},"DataVersion":2975}