{"stats":{"minecraft:broken":{"minecraft:iron_helmet":1},"minecraft:killed":{"minecraft:cave_spider":8,"minecraft:spider":13,"minecraft:vindicator":1,"minecraft:skeleton":12,"minecraft:drowned":3,"alexsmobs:flying_fish":5,"artifacts:mimic":2,"minecraft:pig":9,"minecraft:creeper":4,"minecraft:pillager":1,"minecraft:zombie":24,"minecraft:cow":30},"minecraft:dropped":{"minecraft:bread":7,"minecraft:iron_sword":1,"minecraft:wheat_seeds":4,"minecraft:cooked_beef":29,"farmersdelight:pumpkin_slice":11,"farmersdelight:skillet":5,"minecraft:golden_pickaxe":1,"minecraft:diamond":40,"minecraft:cooked_porkchop":3,"botania:red_petal":1,"botania:orange_mystical_flower":1,"minecraft:orange_tulip":1,"minecraft:cookie":10,"minecraft:iron_helmet":1,"minecraft:feather":1,"minecraft:leather":2,"minecraft:iron_horse_armor":1,"minecraft:coal":6,"minecraft:red_mushroom":1,"artifacts:vampiric_glove":1,"minecraft:cod":5,"minecraft:dirt":1,"minecraft:torch":12,"minecraft:cornflower":1,"botania:manasteel_pick":1,"alexsmobs:flying_fish":1,"botania:light_gray_mushroom":2,"farmersdelight:sweet_berry_cookie":6,"minecraft:pumpkin_pie":3,"minecraft:oak_stairs":2,"minecraft:pumpkin":10,"minecraft:iron_pickaxe":4,"minecraft:string":7,"artifacts:digging_claws":2,"minecraft:gravel":4,"alexsmobs:animal_dictionary":1,"minecraft:rotten_flesh":2,"minecraft:iron_boots":1,"minecraft:clay_ball":5,"botania:manasteel_ingot":4,"minecraft:pumpkin_seeds":26,"minecraft:carrot":1,"paraglider:deku_leaf":2,"minecraft:filled_map":1,"farmersdelight:cutting_board":1,"minecraft:leather_chestplate":1,"farmersdelight:flint_knife":2,"minecraft:skeleton_skull":1,"minecraft:spruce_planks":1,"artifacts:antidote_vessel":1,"artifacts:pocket_piston":1,"minecraft:oak_sapling":2,"supplementaries:bubble_blower":1,"minecraft:spruce_log":1,"minecraft:stone_pickaxe":1,"minecraft:beef":2,"farmersdelight:ham":2,"botania:magenta_mystical_flower":1,"minecraft:egg":4},"minecraft:killed_by":{"minecraft:player":1,"minecraft:creeper":1},"minecraft:mined":{"minecraft:tuff":5,"minecraft:spruce_planks":1,"farmersdelight:rich_soil":5,"minecraft:deepslate_diamond_ore":18,"botania:red_mystical_flower":3,"farmersdelight:wild_carrots":4,"botania:pink_double_flower":1,"minecraft:grass_block":6,"minecraft:spruce_leaves":3,"botania:light_gray_mystical_flower":3,"minecraft:kelp":1,"minecraft:red_mushroom":1,"minecraft:spawner":1,"minecraft:large_fern":5,"botania:purple_mushroom":1,"supplementaries:rope":2,"botania:purple_mystical_flower":5,"botania:magenta_mystical_flower":1,"minecraft:furnace":2,"minecraft:cobbled_deepslate":3,"minecraft:iron_ore":10,"minecraft:pumpkin":18,"minecraft:anvil":1,"minecraft:dirt_path":1,"minecraft:deepslate_iron_ore":63,"minecraft:oak_stairs":1,"minecraft:stone":19,"botania:light_blue_double_flower":1,"botania:light_blue_mystical_flower":18,"minecraft:white_wool":5,"botania:green_mystical_flower":10,"minecraft:deepslate_redstone_ore":11,"botania:lime_mystical_flower":7,"minecraft:brown_mushroom":2,"botania:orange_mystical_flower":2,"farmersdelight:organic_compost":7,"minecraft:kelp_plant":1,"minecraft:clay":6,"minecraft:cornflower":1,"minecraft:purple_wall_banner":1,"minecraft:poppy":1,"botania:purple_double_flower":1,"farmersdelight:brown_mushroom_colony":2,"minecraft:tall_grass":40,"minecraft:cobblestone":5,"botania:blue_mystical_flower":12,"minecraft:oak_planks":10,"minecraft:sugar_cane":3,"minecraft:deepslate_gold_ore":33,"botania:white_double_flower":1,"botania:blue_double_flower":1,"minecraft:wall_torch":2,"supplementaries:urn":14,"botania:cyan_mystical_flower":6,"farmersdelight:cutting_board":1,"minecraft:spruce_log":2,"minecraft:birch_leaves":1,"minecraft:orange_tulip":6,"minecraft:grass":256,"botania:white_mystical_flower":14,"botania:yellow_mystical_flower":5,"minecraft:coal_ore":13,"botania:gray_double_flower":2,"minecraft:gravel":16,"minecraft:dirt":7,"minecraft:cobweb":9,"botania:gray_mystical_flower":8,"minecraft:deepslate":124,"botania:magenta_double_flower":1,"minecraft:fern":37},"minecraft:picked_up":{"sophisticatedbackpacks:gold_backpack":1,"minecraft:crafting_table":1,"minecraft:iron_chestplate":1,"artifacts:night_vision_goggles":1,"minecraft:clay_ball":24,"minecraft:anvil":1,"supplementaries:bomb_blue":1,"minecraft:brown_mushroom":12,"minecraft:wooden_pickaxe":1,"minecraft:oak_stairs":3,"minecraft:shield":1,"farmersdelight:cutting_board":2,"minecraft:cornflower":4,"minecraft:string":24,"minecraft:iron_leggings":2,"supplementaries:statue":1,"minecraft:iron_shovel":1,"minecraft:purple_banner":2,"botania:magenta_mystical_flower":2,"minecraft:cobbled_deepslate":138,"minecraft:spruce_planks":1,"artifacts:aqua_dashers":1,"minecraft:beef":53,"farmersdelight:straw":59,"minecraft:poppy":1,"minecraft:iron_pickaxe":3,"minecraft:minecart":1,"minecraft:sugar_cane":6,"supplementaries:rope":13,"minecraft:chest":1,"minecraft:furnace":2,"minecraft:egg":4,"minecraft:raw_iron":79,"minecraft:stick":21,"artifacts:charm_of_sinking":1,"sophisticatedbackpacks:crafting_upgrade":1,"minecraft:oak_fence":4,"minecraft:torch":51,"botania:purple_mushroom":1,"artifacts:vampiric_glove":1,"minecraft:porkchop":15,"minecraft:carrot":3,"minecraft:redstone":50,"alexsmobs:centipede_leg":1,"minecraft:arrow":37,"minecraft:rotten_flesh":33,"alexsmobs:flying_fish_boots":2,"minecraft:hay_block":3,"farmersdelight:rope":36,"minecraft:gold_ingot":3,"artifacts:pocket_piston":1,"supplementaries:ash":22,"minecraft:rail":9,"minecraft:cod":5,"minecraft:skeleton_skull":1,"minecraft:white_wool":5,"alexsmobs:flying_fish":10,"minecraft:cobblestone":25,"paraglider:paraglider":2,"minecraft:birch_leaves":1,"farmersdelight:rich_soil":5,"minecraft:feather":2,"minecraft:cooked_beef":59,"farmersdelight:rice":3,"artifacts:digging_claws":2,"minecraft:glow_ink_sac":7,"minecraft:water_bucket":1,"minecraft:leather":63,"paraglider:spirit_orb":2,"minecraft:red_mushroom":1,"minecraft:acacia_wood":1,"botania:light_gray_mushroom":1,"minecraft:flint":1,"supplementaries:rope_arrow":1,"minecraft:tuff":4,"create:raw_zinc":2,"botania:flower_bag":1,"minecraft:gunpowder":4,"farmersdelight:skillet":6,"mca:book_romance":1,"farmersdelight:flint_knife":1,"minecraft:lapis_lazuli":9,"minecraft:dirt":30,"botania:light_blue_mystical_flower":2,"minecraft:name_tag":1,"farmersdelight:organic_compost":7,"bhc:red_heart":1,"minecraft:bone":31,"minecraft:acacia_planks":5,"farmersdelight:iron_knife":1,"minecraft:bow":1,"minecraft:wheat_seeds":24,"minecraft:orange_tulip":6,"minecraft:raw_gold":33,"farmersdelight:pumpkin_slice":64,"minecraft:iron_ingot":5,"minecraft:stone_pickaxe":3,"artifacts:antidote_vessel":2,"minecraft:powered_rail":2,"minecraft:oak_planks":18,"minecraft:iron_sword":1,"botania:red_mystical_flower":1,"minecraft:milk_bucket":1,"minecraft:cooked_porkchop":8,"minecraft:pumpkin":22,"minecraft:sweet_berries":69,"minecraft:gravel":15,"minecraft:spruce_sapling":1,"minecraft:spruce_log":3,"farmersdelight:ham":2,"minecraft:spider_eye":6,"alexsmobs:animal_dictionary":3,"minecraft:mossy_cobblestone":2,"minecraft:pumpkin_seeds":25,"minecraft:diamond":76,"artifacts:crystal_heart":1,"supplementaries:bubble_blower":1,"botania:orange_mystical_flower":1,"minecraft:iron_helmet":1,"botania:manasteel_pick":1,"minecraft:bone_meal":1,"minecraft:golden_apple":1,"minecraft:emerald":1,"minecraft:bread":37,"minecraft:jack_o_lantern":1,"minecraft:oak_sapling":2,"minecraft:melon_seeds":4,"minecraft:coal":13},"minecraft:crafted":{"minecraft:brick":19,"minecraft:furnace":1,"mca:bouquet":1,"paraglider:deku_leaf":3,"botania:red_petal":2,"sophisticatedbackpacks:smelting_upgrade":1,"minecraft:iron_boots":1,"botania:flower_bag":1,"minecraft:chest":1,"supplementaries:rope_arrow":4,"sophisticatedbackpacks:iron_backpack":1,"minecraft:red_dye":1,"paraglider:paraglider":3,"sophisticatedbackpacks:backpack":1,"minecraft:cooked_porkchop":3,"farmersdelight:iron_knife":1,"minecraft:spruce_planks":8,"minecraft:iron_helmet":1,"farmersdelight:flint_knife":1,"minecraft:golden_pickaxe":1,"sophisticatedbackpacks:gold_backpack":1,"sophisticatedbackpacks:upgrade_base":1,"minecraft:pumpkin_seeds":16,"farmersdelight:skillet":1,"farmersdelight:sweet_berry_cookie":48,"minecraft:blue_dye":1,"farmersdelight:cutting_board":1,"minecraft:shield":2,"sophisticatedbackpacks:diamond_backpack":1,"minecraft:iron_pickaxe":3,"minecraft:stick":16,"minecraft:iron_ingot":36,"minecraft:leather_chestplate":1,"minecraft:gold_ingot":4,"minecraft:shears":1},"minecraft:custom":{"minecraft:interact_with_smithing_table":3,"minecraft:mob_kills":121,"minecraft:interact_with_crafting_table":26,"minecraft:open_barrel":30,"minecraft:interact_with_campfire":31,"minecraft:eat_cake_slice":5,"minecraft:leave_game":7,"minecraft:time_since_death":108800,"minecraft:climb_one_cm":4485,"minecraft:sprint_one_cm":689267,"minecraft:walk_one_cm":1911816,"minecraft:damage_blocked_by_shield":995,"minecraft:drop":187,"minecraft:talked_to_villager":1,"minecraft:play_time":440989,"minecraft:sneak_time":3255,"minecraft:deaths":2,"minecraft:walk_under_water_one_cm":56874,"minecraft:jump":4695,"minecraft:interact_with_blast_furnace":5,"minecraft:walk_on_water_one_cm":68653,"minecraft:total_world_time":440989,"minecraft:interact_with_furnace":37,"minecraft:sleep_in_bed":12,"minecraft:time_since_rest":108855,"minecraft:waystone_activated":3,"minecraft:damage_taken":4471,"minecraft:trigger_trapped_chest":1,"minecraft:damage_dealt":18745,"minecraft:player_kills":1,"minecraft:swim_one_cm":14130,"minecraft:fly_one_cm":582527,"minecraft:open_chest":68,"minecraft:crouch_one_cm":4024,"minecraft:fall_one_cm":74754,"minecraft:horse_one_cm":82079},"minecraft:used":{"minecraft:iron_shovel":6,"minecraft:shield":18,"minecraft:iron_sword":10,"minecraft:torch":3,"minecraft:dirt":13,"farmersdelight:flint_knife":80,"farmersdelight:sweet_berry_cookie":42,"minecraft:iron_axe":10,"carryon:entity_item":3,"minecraft:iron_helmet":1,"supplementaries:bomb_blue":1,"farmersdelight:cutting_board":1,"minecraft:bow":27,"minecraft:beef":1,"minecraft:sweet_berries":14,"minecraft:furnace":2,"minecraft:cooked_beef":17,"minecraft:cobbled_deepslate":2,"farmersdelight:iron_knife":585,"minecraft:water_bucket":26,"farmersdelight:skillet":202,"minecraft:stone_pickaxe":88,"minecraft:baked_potato":4,"alexsmobs:flying_fish_boots":4,"minecraft:wooden_pickaxe":1,"farmersdelight:pumpkin_slice":36,"minecraft:mossy_cobblestone":2,"minecraft:crafting_table":1,"minecraft:shears":1,"alexsmobs:flying_fish":2,"minecraft:bread":17,"minecraft:iron_pickaxe":228,"botania:manasteel_pick":2,"minecraft:gravel":8,"minecraft:stone_axe":4,"minecraft:cobblestone":5,"minecraft:cooked_porkchop":8,"minecraft:bucket":25,"minecraft:cobweb":1}},"DataVersion":2975}