{"stats":{"minecraft:killed":{"minecraft:vindicator":1,"minecraft:spider":7,"minecraft:skeleton":5,"minecraft:drowned":3,"alexsmobs:flying_fish":5,"minecraft:pig":9,"minecraft:creeper":4,"minecraft:pillager":1,"minecraft:zombie":10,"minecraft:cow":30},"minecraft:dropped":{"minecraft:iron_sword":1,"minecraft:wheat_seeds":4,"farmersdelight:pumpkin_slice":11,"farmersdelight:skillet":2,"minecraft:cooked_porkchop":3,"botania:red_petal":1,"minecraft:orange_tulip":1,"botania:orange_mystical_flower":1,"minecraft:feather":1,"minecraft:coal":6,"minecraft:red_mushroom":1,"minecraft:cod":5,"minecraft:dirt":1,"minecraft:cornflower":1,"botania:manasteel_pick":1,"alexsmobs:flying_fish":1,"botania:light_gray_mushroom":2,"farmersdelight:sweet_berry_cookie":6,"minecraft:oak_stairs":2,"minecraft:pumpkin":10,"minecraft:string":5,"minecraft:gravel":4,"alexsmobs:animal_dictionary":1,"minecraft:rotten_flesh":2,"minecraft:clay_ball":5,"minecraft:pumpkin_seeds":26,"minecraft:carrot":1,"paraglider:deku_leaf":1,"minecraft:filled_map":1,"farmersdelight:cutting_board":1,"farmersdelight:flint_knife":2,"minecraft:spruce_planks":1,"artifacts:pocket_piston":1,"minecraft:oak_sapling":2,"minecraft:spruce_log":1,"minecraft:beef":2,"farmersdelight:ham":1,"botania:magenta_mystical_flower":1,"minecraft:egg":4},"minecraft:killed_by":{"minecraft:player":1},"minecraft:mined":{"minecraft:tuff":2,"minecraft:spruce_planks":1,"farmersdelight:rich_soil":5,"minecraft:deepslate_diamond_ore":7,"botania:red_mystical_flower":3,"farmersdelight:wild_carrots":4,"botania:pink_double_flower":1,"minecraft:grass_block":6,"minecraft:spruce_leaves":3,"minecraft:red_mushroom":1,"minecraft:kelp":1,"botania:light_gray_mystical_flower":3,"minecraft:large_fern":5,"botania:purple_mushroom":1,"botania:magenta_mystical_flower":1,"botania:purple_mystical_flower":5,"minecraft:iron_ore":10,"minecraft:pumpkin":18,"minecraft:anvil":1,"minecraft:deepslate_iron_ore":29,"minecraft:dirt_path":1,"minecraft:oak_stairs":1,"minecraft:stone":19,"botania:light_blue_double_flower":1,"botania:light_blue_mystical_flower":18,"minecraft:white_wool":5,"botania:green_mystical_flower":10,"minecraft:deepslate_redstone_ore":11,"botania:lime_mystical_flower":7,"botania:orange_mystical_flower":2,"minecraft:brown_mushroom":2,"farmersdelight:organic_compost":7,"minecraft:kelp_plant":1,"minecraft:clay":6,"minecraft:cornflower":1,"minecraft:purple_wall_banner":1,"minecraft:poppy":1,"botania:purple_double_flower":1,"farmersdelight:brown_mushroom_colony":2,"minecraft:tall_grass":40,"botania:blue_mystical_flower":12,"minecraft:deepslate_gold_ore":18,"botania:white_double_flower":1,"minecraft:sugar_cane":3,"minecraft:oak_planks":1,"botania:blue_double_flower":1,"supplementaries:urn":12,"botania:cyan_mystical_flower":6,"farmersdelight:cutting_board":1,"minecraft:spruce_log":2,"minecraft:birch_leaves":1,"minecraft:orange_tulip":6,"minecraft:grass":256,"botania:white_mystical_flower":14,"botania:yellow_mystical_flower":5,"minecraft:coal_ore":13,"botania:gray_double_flower":2,"minecraft:gravel":13,"minecraft:dirt":7,"botania:gray_mystical_flower":8,"minecraft:cobweb":9,"botania:magenta_double_flower":1,"minecraft:deepslate":15,"minecraft:fern":37},"minecraft:picked_up":{"minecraft:crafting_table":1,"minecraft:anvil":1,"minecraft:clay_ball":24,"minecraft:brown_mushroom":12,"minecraft:wooden_pickaxe":1,"minecraft:oak_stairs":3,"farmersdelight:cutting_board":2,"minecraft:cornflower":4,"minecraft:string":15,"supplementaries:statue":1,"minecraft:iron_leggings":1,"minecraft:purple_banner":2,"botania:magenta_mystical_flower":2,"minecraft:cobbled_deepslate":19,"minecraft:spruce_planks":1,"minecraft:beef":53,"farmersdelight:straw":59,"minecraft:iron_pickaxe":1,"minecraft:poppy":1,"minecraft:sugar_cane":6,"minecraft:egg":4,"minecraft:raw_iron":44,"minecraft:stick":13,"minecraft:torch":24,"botania:purple_mushroom":1,"minecraft:porkchop":15,"minecraft:carrot":3,"minecraft:redstone":50,"minecraft:rotten_flesh":21,"minecraft:arrow":11,"alexsmobs:flying_fish_boots":1,"minecraft:hay_block":3,"artifacts:pocket_piston":1,"supplementaries:ash":16,"minecraft:skeleton_skull":1,"minecraft:cod":5,"alexsmobs:flying_fish":10,"minecraft:white_wool":5,"minecraft:cobblestone":19,"paraglider:paraglider":1,"minecraft:birch_leaves":1,"farmersdelight:rich_soil":5,"minecraft:feather":2,"minecraft:cooked_beef":16,"minecraft:glow_ink_sac":7,"minecraft:leather":63,"minecraft:red_mushroom":1,"minecraft:acacia_wood":1,"botania:light_gray_mushroom":1,"minecraft:flint":1,"minecraft:tuff":1,"minecraft:gunpowder":3,"farmersdelight:skillet":2,"mca:book_romance":1,"farmersdelight:flint_knife":1,"minecraft:lapis_lazuli":9,"minecraft:dirt":30,"botania:light_blue_mystical_flower":2,"farmersdelight:organic_compost":7,"minecraft:bone":23,"minecraft:acacia_planks":5,"minecraft:orange_tulip":6,"minecraft:wheat_seeds":24,"minecraft:raw_gold":18,"farmersdelight:pumpkin_slice":64,"minecraft:iron_ingot":4,"minecraft:stone_pickaxe":2,"artifacts:antidote_vessel":1,"minecraft:oak_planks":8,"minecraft:iron_sword":1,"botania:red_mystical_flower":1,"minecraft:cooked_porkchop":8,"minecraft:pumpkin":22,"minecraft:sweet_berries":69,"minecraft:gravel":12,"minecraft:spruce_sapling":1,"minecraft:spider_eye":1,"minecraft:spruce_log":3,"farmersdelight:ham":2,"alexsmobs:animal_dictionary":3,"minecraft:pumpkin_seeds":25,"minecraft:diamond":12,"botania:orange_mystical_flower":1,"botania:manasteel_pick":1,"minecraft:bone_meal":1,"minecraft:emerald":1,"minecraft:bread":20,"minecraft:jack_o_lantern":1,"minecraft:oak_sapling":2,"minecraft:coal":13},"minecraft:crafted":{"minecraft:brick":19,"mca:bouquet":1,"paraglider:deku_leaf":1,"botania:red_petal":2,"botania:flower_bag":1,"minecraft:chest":1,"sophisticatedbackpacks:iron_backpack":1,"paraglider:paraglider":2,"minecraft:red_dye":1,"sophisticatedbackpacks:backpack":1,"minecraft:cooked_porkchop":3,"minecraft:spruce_planks":8,"farmersdelight:iron_knife":1,"farmersdelight:flint_knife":1,"sophisticatedbackpacks:gold_backpack":1,"minecraft:pumpkin_seeds":16,"farmersdelight:skillet":1,"farmersdelight:sweet_berry_cookie":48,"farmersdelight:cutting_board":1,"minecraft:shield":2,"minecraft:stick":4,"minecraft:iron_ingot":10,"minecraft:gold_ingot":4,"minecraft:shears":1},"minecraft:custom":{"minecraft:interact_with_smithing_table":3,"minecraft:mob_kills":80,"minecraft:interact_with_crafting_table":20,"minecraft:open_barrel":20,"minecraft:interact_with_campfire":31,"minecraft:leave_game":6,"minecraft:time_since_death":286716,"minecraft:climb_one_cm":3613,"minecraft:sprint_one_cm":510153,"minecraft:walk_one_cm":1288100,"minecraft:damage_blocked_by_shield":675,"minecraft:drop":108,"minecraft:talked_to_villager":1,"minecraft:play_time":309207,"minecraft:deaths":1,"minecraft:sneak_time":2139,"minecraft:walk_under_water_one_cm":43205,"minecraft:jump":3607,"minecraft:walk_on_water_one_cm":47182,"minecraft:total_world_time":309207,"minecraft:interact_with_furnace":16,"minecraft:sleep_in_bed":12,"minecraft:time_since_rest":38431,"minecraft:waystone_activated":3,"minecraft:damage_taken":2878,"minecraft:damage_dealt":11365,"minecraft:swim_one_cm":13483,"minecraft:fly_one_cm":514792,"minecraft:player_kills":1,"minecraft:open_chest":55,"minecraft:crouch_one_cm":2131,"minecraft:fall_one_cm":61391,"minecraft:horse_one_cm":82079},"minecraft:used":{"minecraft:iron_shovel":6,"minecraft:shield":15,"minecraft:iron_sword":10,"minecraft:dirt":13,"farmersdelight:flint_knife":80,"farmersdelight:sweet_berry_cookie":42,"carryon:entity_item":3,"farmersdelight:cutting_board":1,"minecraft:bow":25,"minecraft:beef":1,"minecraft:sweet_berries":14,"minecraft:cooked_beef":3,"farmersdelight:iron_knife":585,"minecraft:water_bucket":25,"farmersdelight:skillet":75,"minecraft:stone_pickaxe":78,"minecraft:baked_potato":4,"alexsmobs:flying_fish_boots":3,"minecraft:wooden_pickaxe":1,"farmersdelight:pumpkin_slice":36,"minecraft:crafting_table":1,"minecraft:shears":1,"alexsmobs:flying_fish":2,"minecraft:bread":9,"minecraft:iron_pickaxe":53,"botania:manasteel_pick":2,"minecraft:gravel":8,"minecraft:stone_axe":4,"minecraft:cobblestone":1,"minecraft:cooked_porkchop":8,"minecraft:bucket":25,"minecraft:cobweb":1}},"DataVersion":2975}