{"stats":{"minecraft:killed_by":{"minecraft:creeper":1,"minecraft:player":1},"minecraft:killed":{"minecraft:cave_spider":9,"minecraft:spider":18,"minecraft:skeleton":17,"artifacts:mimic":3,"minecraft:pig":14,"alexsmobs:grizzly_bear":1,"minecraft:creeper":6,"minecraft:pillager":1,"minecraft:zombie":35,"minecraft:cow":43,"minecraft:vindicator":1,"minecraft:drowned":3,"alexsmobs:flying_fish":5,"minecraft:bat":1},"minecraft:used":{"minecraft:iron_shovel":6,"farmersdelight:cabbage_seeds":19,"minecraft:diamond_hoe":92,"farmersdelight:stove":1,"minecraft:shield":30,"minecraft:iron_sword":10,"minecraft:carrot":13,"farmersdelight:sweet_berry_cookie":42,"farmersdelight:rotten_tomato":1,"minecraft:iron_helmet":1,"supplementaries:bomb_blue":2,"carryon:tile_item":1,"farmersdelight:cutting_board":2,"minecraft:bow":48,"minecraft:sweet_berries":20,"minecraft:furnace":2,"farmersdelight:safety_net":4,"minecraft:potato":14,"minecraft:stone_pickaxe":88,"alexsmobs:flying_fish_boots":4,"minecraft:wooden_pickaxe":1,"minecraft:sugar_cane":6,"farmersdelight:pumpkin_slice":36,"farmersdelight:organic_compost":7,"minecraft:golden_apple":1,"farmersdelight:rice":11,"minecraft:shears":1,"minecraft:pumpkin_seeds":5,"minecraft:bread":20,"botania:manasteel_pick":2,"minecraft:gravel":8,"supplementaries:flax_seeds":5,"supplementaries:soap":1,"minecraft:bone_meal":61,"minecraft:cobweb":1,"minecraft:oak_fence":4,"farmersdelight:diamond_knife":39,"farmersdelight:rich_soil":6,"minecraft:torch":15,"minecraft:dirt":19,"farmersdelight:flint_knife":80,"minecraft:spruce_fence":8,"farmersdelight:rope":35,"minecraft:iron_axe":20,"minecraft:oak_stairs":1,"carryon:entity_item":3,"minecraft:melon_seeds":7,"minecraft:beef":1,"farmersdelight:cooking_pot":1,"minecraft:cooked_beef":21,"farmersdelight:tomato_seeds":6,"minecraft:cobbled_deepslate":8,"farmersdelight:cooked_rice":1,"minecraft:wheat_seeds":13,"farmersdelight:iron_knife":661,"minecraft:water_bucket":33,"farmersdelight:skillet":242,"minecraft:baked_potato":4,"minecraft:brown_mushroom":1,"minecraft:mossy_cobblestone":2,"farmersdelight:onion":11,"minecraft:crafting_table":1,"supplementaries:bomb":2,"alexsmobs:flying_fish":2,"farmersdelight:pasta_with_meatballs":1,"minecraft:iron_pickaxe":286,"minecraft:stone_axe":4,"minecraft:cobblestone":5,"minecraft:purple_bed":1,"minecraft:cooked_porkchop":11,"minecraft:bucket":43},"minecraft:dropped":{"minecraft:iron_sword":1,"minecraft:cooked_beef":29,"farmersdelight:pumpkin_slice":11,"minecraft:golden_pickaxe":1,"minecraft:diamond":40,"minecraft:cooked_porkchop":3,"minecraft:orange_tulip":1,"minecraft:cookie":10,"minecraft:leather":2,"minecraft:iron_horse_armor":1,"artifacts:vampiric_glove":1,"minecraft:red_mushroom":1,"minecraft:cod":5,"minecraft:dirt":1,"minecraft:cornflower":1,"farmersdelight:safety_net":4,"alexsmobs:flying_fish":2,"botania:light_gray_mushroom":2,"farmersdelight:sweet_berry_cookie":6,"minecraft:pumpkin_pie":3,"minecraft:iron_pickaxe":5,"minecraft:gravel":4,"alexsmobs:animal_dictionary":1,"minecraft:rotten_flesh":2,"minecraft:carrot":1,"botania:manasteel_ingot":4,"paraglider:deku_leaf":2,"farmersdelight:cutting_board":1,"minecraft:leather_chestplate":1,"minecraft:skeleton_skull":1,"minecraft:beef":2,"minecraft:egg":4,"minecraft:bread":7,"minecraft:wheat_seeds":4,"farmersdelight:skillet":5,"botania:red_petal":1,"botania:orange_mystical_flower":1,"minecraft:feather":1,"minecraft:iron_helmet":1,"minecraft:coal":6,"minecraft:torch":12,"botania:manasteel_pick":1,"minecraft:oak_stairs":2,"minecraft:pumpkin":10,"minecraft:string":7,"artifacts:digging_claws":2,"artifacts:kitty_slippers":1,"minecraft:clay_ball":5,"minecraft:iron_boots":1,"minecraft:debug_stick":2,"minecraft:pumpkin_seeds":26,"minecraft:filled_map":1,"farmersdelight:flint_knife":2,"minecraft:spruce_planks":1,"artifacts:antidote_vessel":1,"artifacts:pocket_piston":1,"minecraft:oak_sapling":2,"supplementaries:bubble_blower":1,"minecraft:spruce_log":1,"minecraft:stone_pickaxe":1,"farmersdelight:ham":2,"botania:magenta_mystical_flower":1},"minecraft:picked_up":{"minecraft:iron_chestplate":1,"minecraft:wheat":6,"minecraft:anvil":1,"supplementaries:bomb_blue":2,"farmersdelight:rice_panicle":10,"minecraft:oak_stairs":3,"farmersdelight:cutting_board":2,"minecraft:music_disc_cat":1,"minecraft:string":35,"minecraft:iron_leggings":2,"minecraft:purple_banner":2,"minecraft:cobbled_deepslate":172,"farmersdelight:cabbage":12,"minecraft:spruce_planks":1,"artifacts:aqua_dashers":1,"minecraft:iron_pickaxe":3,"minecraft:melon_slice":21,"farmersdelight:cabbage_seeds":31,"minecraft:furnace":2,"minecraft:stick":21,"farmersdelight:rotten_tomato":1,"minecraft:oak_fence":4,"minecraft:torch":53,"minecraft:porkchop":28,"supplementaries:flax":2,"alexsmobs:centipede_leg":1,"minecraft:rotten_flesh":43,"farmersdelight:onion":9,"alexsmobs:flying_fish_boots":2,"supplementaries:antique_ink":1,"farmersdelight:rope":57,"supplementaries:ash":38,"farmersdelight:raw_pasta":12,"minecraft:cod":7,"alexsmobs:flying_fish":16,"minecraft:cobblestone":25,"paraglider:paraglider":2,"minecraft:feather":2,"minecraft:cooked_beef":59,"farmersdelight:rice":3,"minecraft:water_bucket":1,"farmersdelight:safety_net":4,"minecraft:potato":23,"supplementaries:soap":1,"paraglider:spirit_orb":4,"minecraft:flint":1,"create:raw_zinc":2,"minecraft:tuff":5,"supplementaries:flax_seeds":4,"minecraft:lapis_lazuli":9,"farmersdelight:tomato":33,"minecraft:dirt":56,"minecraft:name_tag":1,"bhc:red_heart":3,"farmersdelight:iron_knife":1,"minecraft:bone":36,"minecraft:acacia_planks":5,"minecraft:bow":1,"minecraft:orange_tulip":6,"minecraft:wheat_seeds":46,"minecraft:raw_gold":38,"farmersdelight:pumpkin_slice":64,"artifacts:antidote_vessel":2,"minecraft:powered_rail":2,"minecraft:oak_planks":18,"minecraft:debug_stick":1,"botania:red_mystical_flower":1,"minecraft:cooked_porkchop":8,"sophisticatedbackpacks:jukebox_upgrade":1,"farmersdelight:ham":4,"alexsmobs:animal_dictionary":3,"minecraft:mossy_cobblestone":2,"minecraft:diamond":81,"artifacts:crystal_heart":1,"supplementaries:bubble_blower":1,"botania:manasteel_pick":1,"minecraft:bone_meal":2,"minecraft:golden_apple":1,"minecraft:emerald":1,"minecraft:bread":37,"minecraft:jack_o_lantern":1,"minecraft:oak_sapling":2,"sophisticatedbackpacks:gold_backpack":1,"minecraft:crafting_table":1,"artifacts:night_vision_goggles":1,"minecraft:clay_ball":24,"minecraft:brown_mushroom":12,"minecraft:wooden_pickaxe":1,"minecraft:shield":1,"minecraft:cornflower":4,"supplementaries:statue":1,"minecraft:iron_shovel":1,"botania:magenta_mystical_flower":2,"supplementaries:bomb":2,"minecraft:beef":80,"farmersdelight:straw":60,"minecraft:poppy":1,"minecraft:minecart":1,"supplementaries:rope":23,"minecraft:sugar_cane":6,"minecraft:chest":1,"minecraft:egg":6,"minecraft:raw_iron":89,"artifacts:charm_of_sinking":1,"farmersdelight:minced_beef":12,"sophisticatedbackpacks:crafting_upgrade":1,"minecraft:bowl":12,"botania:purple_mushroom":1,"artifacts:vampiric_glove":1,"minecraft:carrot":39,"minecraft:redstone":50,"minecraft:arrow":42,"minecraft:hay_block":3,"artifacts:pocket_piston":1,"minecraft:gold_ingot":3,"minecraft:white_wool":5,"minecraft:skeleton_skull":1,"minecraft:rail":9,"farmersdelight:rich_soil":6,"minecraft:birch_leaves":1,"artifacts:digging_claws":2,"minecraft:glow_ink_sac":7,"minecraft:leather":84,"minecraft:acacia_wood":1,"minecraft:red_mushroom":1,"botania:light_gray_mushroom":1,"supplementaries:rope_arrow":1,"botania:flower_bag":1,"minecraft:gunpowder":6,"farmersdelight:skillet":6,"mca:book_romance":1,"farmersdelight:flint_knife":1,"botania:light_blue_mystical_flower":2,"farmersdelight:organic_compost":7,"minecraft:iron_ingot":5,"minecraft:stone_pickaxe":3,"minecraft:cobweb":1,"artifacts:kitty_slippers":1,"minecraft:iron_sword":1,"minecraft:milk_bucket":1,"minecraft:sweet_berries":87,"minecraft:pumpkin":22,"minecraft:gravel":15,"minecraft:spruce_sapling":1,"minecraft:spruce_log":11,"minecraft:spider_eye":8,"minecraft:pumpkin_seeds":25,"minecraft:purple_bed":1,"botania:orange_mystical_flower":1,"minecraft:iron_helmet":1,"minecraft:melon_seeds":5,"minecraft:coal":13},"minecraft:mined":{"minecraft:spruce_planks":1,"farmersdelight:rich_soil":6,"minecraft:farmland":11,"botania:red_mystical_flower":3,"botania:pink_double_flower":1,"minecraft:grass_block":7,"botania:light_gray_mystical_flower":3,"minecraft:spawner":2,"botania:purple_mystical_flower":5,"minecraft:iron_ore":10,"minecraft:cobbled_deepslate":5,"minecraft:pumpkin":18,"minecraft:anvil":1,"minecraft:dirt_path":1,"minecraft:oak_stairs":1,"farmersdelight:rice_panicles":10,"botania:light_blue_mystical_flower":22,"botania:green_mystical_flower":10,"minecraft:deepslate_redstone_ore":11,"botania:orange_mystical_flower":2,"minecraft:brown_mushroom":2,"farmersdelight:organic_compost":7,"minecraft:kelp_plant":1,"minecraft:melon_stem":3,"minecraft:torch":1,"minecraft:clay":6,"minecraft:melon":5,"minecraft:poppy":1,"botania:purple_double_flower":1,"farmersdelight:safety_net":4,"farmersdelight:brown_mushroom_colony":2,"farmersdelight:cabbages":12,"minecraft:cobblestone":5,"botania:blue_mystical_flower":12,"minecraft:sugar_cane":3,"minecraft:oak_planks":10,"botania:blue_double_flower":1,"minecraft:wall_torch":3,"minecraft:seagrass":2,"farmersdelight:cutting_board":1,"minecraft:wheat":6,"minecraft:orange_tulip":6,"minecraft:grass":272,"botania:gray_double_flower":2,"minecraft:dirt":21,"minecraft:oak_leaves":1,"botania:magenta_double_flower":2,"minecraft:deepslate":157,"minecraft:tuff":6,"farmersdelight:onions":2,"minecraft:deepslate_diamond_ore":23,"farmersdelight:wild_carrots":4,"botania:cyan_double_flower":1,"minecraft:spruce_leaves":4,"minecraft:red_mushroom":1,"minecraft:kelp":1,"minecraft:large_fern":5,"farmersdelight:wild_onions":2,"botania:purple_mushroom":1,"supplementaries:rope":2,"botania:magenta_mystical_flower":12,"minecraft:furnace":2,"minecraft:carrots":9,"supplementaries:flax":2,"minecraft:potatoes":6,"farmersdelight:rope":21,"minecraft:deepslate_iron_ore":74,"botania:light_blue_double_flower":1,"minecraft:stone":19,"minecraft:white_wool":5,"botania:lime_mystical_flower":7,"minecraft:cornflower":1,"minecraft:purple_wall_banner":1,"minecraft:tall_grass":42,"minecraft:deepslate_gold_ore":38,"botania:white_double_flower":1,"supplementaries:urn":19,"botania:cyan_mystical_flower":7,"minecraft:purple_bed":1,"minecraft:sweet_berry_bush":1,"minecraft:spruce_log":8,"minecraft:birch_leaves":1,"botania:white_mystical_flower":14,"minecraft:coal_ore":13,"botania:yellow_mystical_flower":5,"minecraft:gravel":16,"botania:gray_mystical_flower":9,"minecraft:cobweb":9,"minecraft:fern":38},"minecraft:broken":{"minecraft:iron_chestplate":1,"farmersdelight:iron_knife":1,"minecraft:iron_helmet":1},"minecraft:custom":{"minecraft:interact_with_crafting_table":29,"minecraft:open_barrel":33,"minecraft:eat_cake_slice":5,"minecraft:leave_game":8,"minecraft:time_since_death":234555,"minecraft:sprint_one_cm":819688,"minecraft:damage_blocked_by_shield":1355,"minecraft:drop":196,"minecraft:talked_to_villager":1,"minecraft:play_time":566744,"minecraft:deaths":2,"minecraft:jump":5619,"minecraft:interact_with_brewingstand":1,"minecraft:walk_on_water_one_cm":73680,"minecraft:interact_with_furnace":38,"minecraft:sleep_in_bed":16,"minecraft:waystone_activated":3,"minecraft:damage_dealt":24270,"minecraft:player_kills":1,"minecraft:crouch_one_cm":4979,"minecraft:interact_with_smoker":1,"minecraft:horse_one_cm":82079,"minecraft:interact_with_smithing_table":4,"minecraft:mob_kills":167,"minecraft:interact_with_campfire":31,"minecraft:climb_one_cm":4611,"minecraft:walk_one_cm":2362642,"minecraft:sneak_time":4547,"minecraft:walk_under_water_one_cm":58517,"minecraft:interact_with_blast_furnace":5,"minecraft:total_world_time":566744,"minecraft:time_since_rest":12479,"minecraft:damage_taken":5442,"minecraft:trigger_trapped_chest":1,"minecraft:swim_one_cm":14130,"minecraft:fly_one_cm":683752,"minecraft:open_chest":92,"minecraft:fall_one_cm":85011},"minecraft:crafted":{"minecraft:brick":19,"paraglider:deku_leaf":3,"botania:red_petal":2,"farmersdelight:safety_net":4,"sophisticatedbackpacks:smelting_upgrade":1,"minecraft:iron_boots":1,"minecraft:melon_seeds":2,"farmersdelight:tomato_sauce":12,"minecraft:chest":1,"minecraft:bricks":4,"farmersdelight:stove":1,"supplementaries:rope_arrow":4,"minecraft:wooden_shovel":1,"sophisticatedbackpacks:backpack":1,"minecraft:cooked_porkchop":3,"minecraft:spruce_planks":28,"farmersdelight:iron_knife":1,"farmersdelight:flint_knife":1,"minecraft:iron_helmet":1,"minecraft:golden_pickaxe":1,"minecraft:pumpkin_seeds":16,"minecraft:campfire":1,"farmersdelight:wheat_dough":30,"farmersdelight:skillet":1,"sophisticatedbackpacks:upgrade_base":1,"farmersdelight:cutting_board":1,"minecraft:shield":2,"sophisticatedbackpacks:diamond_backpack":1,"minecraft:stick":20,"minecraft:leather_chestplate":1,"minecraft:iron_ingot":36,"minecraft:iron_pickaxe":4,"minecraft:gold_ingot":4,"minecraft:shears":1,"farmersdelight:cooked_rice":4,"minecraft:diamond_hoe":1,"farmersdelight:pasta_with_meatballs":11,"minecraft:furnace":1,"mca:bouquet":1,"minecraft:bone_meal":72,"minecraft:spruce_fence":6,"botania:flower_bag":1,"farmersdelight:rice":8,"minecraft:wheat":27,"sophisticatedbackpacks:iron_backpack":1,"minecraft:red_dye":1,"paraglider:paraglider":3,"minecraft:bowl":16,"farmersdelight:cooking_pot":1,"sophisticatedbackpacks:gold_backpack":1,"minecraft:bucket":1,"farmersdelight:sweet_berry_cookie":48,"minecraft:blue_dye":1,"farmersdelight:diamond_knife":1}},"DataVersion":2975}