{"stats":{"minecraft:killed":{"minecraft:vindicator":1,"minecraft:spider":3,"minecraft:skeleton":3,"minecraft:drowned":3,"alexsmobs:flying_fish":5,"minecraft:pig":9,"minecraft:creeper":4,"minecraft:pillager":1,"minecraft:zombie":7,"minecraft:cow":21},"minecraft:dropped":{"minecraft:iron_sword":1,"minecraft:wheat_seeds":4,"farmersdelight:pumpkin_slice":11,"botania:red_petal":1,"botania:orange_mystical_flower":1,"minecraft:feather":1,"minecraft:coal":6,"minecraft:red_mushroom":1,"minecraft:dirt":1,"botania:manasteel_pick":1,"minecraft:pumpkin":10,"minecraft:string":2,"minecraft:gravel":4,"alexsmobs:animal_dictionary":1,"minecraft:pumpkin_seeds":26,"minecraft:carrot":1,"minecraft:filled_map":1,"farmersdelight:cutting_board":1,"farmersdelight:flint_knife":2,"minecraft:oak_sapling":2,"minecraft:spruce_log":1,"farmersdelight:ham":1,"botania:magenta_mystical_flower":1,"minecraft:egg":4},"minecraft:killed_by":{"minecraft:player":1},"minecraft:crafted":{"botania:red_petal":2,"botania:flower_bag":1,"paraglider:paraglider":1,"minecraft:red_dye":1,"farmersdelight:iron_knife":1,"farmersdelight:flint_knife":1,"minecraft:pumpkin_seeds":16,"farmersdelight:sweet_berry_cookie":48,"farmersdelight:cutting_board":1,"minecraft:shield":1,"minecraft:stick":4},"minecraft:mined":{"minecraft:spruce_planks":1,"botania:red_mystical_flower":1,"farmersdelight:wild_carrots":3,"minecraft:grass_block":5,"minecraft:red_mushroom":1,"minecraft:kelp":1,"botania:light_gray_mystical_flower":3,"minecraft:large_fern":2,"botania:magenta_mystical_flower":1,"botania:purple_mystical_flower":5,"minecraft:pumpkin":18,"minecraft:dirt_path":1,"minecraft:oak_stairs":1,"minecraft:stone":12,"botania:light_blue_double_flower":1,"botania:light_blue_mystical_flower":18,"minecraft:white_wool":5,"botania:green_mystical_flower":3,"botania:orange_mystical_flower":2,"minecraft:brown_mushroom":1,"farmersdelight:organic_compost":5,"minecraft:kelp_plant":1,"minecraft:clay":6,"minecraft:poppy":1,"botania:purple_double_flower":1,"farmersdelight:brown_mushroom_colony":1,"minecraft:tall_grass":34,"botania:white_double_flower":1,"minecraft:sugar_cane":3,"minecraft:oak_planks":1,"farmersdelight:cutting_board":1,"minecraft:grass":65,"botania:white_mystical_flower":5,"botania:yellow_mystical_flower":4,"minecraft:coal_ore":6,"botania:gray_double_flower":1,"minecraft:gravel":13,"minecraft:dirt":7,"minecraft:cobweb":1,"minecraft:fern":9},"minecraft:picked_up":{"minecraft:crafting_table":1,"minecraft:clay_ball":24,"minecraft:brown_mushroom":6,"minecraft:wooden_pickaxe":1,"minecraft:oak_stairs":1,"farmersdelight:cutting_board":2,"minecraft:cornflower":2,"minecraft:string":6,"minecraft:iron_leggings":1,"minecraft:purple_banner":1,"botania:magenta_mystical_flower":2,"minecraft:spruce_planks":1,"minecraft:beef":39,"farmersdelight:straw":17,"minecraft:iron_pickaxe":1,"minecraft:poppy":1,"minecraft:sugar_cane":6,"minecraft:egg":4,"minecraft:stick":8,"minecraft:porkchop":15,"minecraft:carrot":3,"minecraft:rotten_flesh":13,"minecraft:arrow":8,"minecraft:hay_block":3,"minecraft:white_wool":5,"minecraft:cobblestone":12,"paraglider:paraglider":1,"minecraft:feather":2,"minecraft:leather":46,"minecraft:red_mushroom":1,"minecraft:acacia_wood":1,"minecraft:flint":1,"minecraft:gunpowder":3,"mca:book_romance":1,"farmersdelight:flint_knife":1,"minecraft:dirt":29,"botania:light_blue_mystical_flower":2,"farmersdelight:organic_compost":5,"minecraft:bone":10,"minecraft:acacia_planks":5,"minecraft:wheat_seeds":7,"farmersdelight:pumpkin_slice":64,"minecraft:iron_ingot":4,"minecraft:stone_pickaxe":2,"minecraft:oak_planks":8,"minecraft:iron_sword":1,"botania:red_mystical_flower":1,"minecraft:cooked_porkchop":8,"minecraft:pumpkin":22,"minecraft:sweet_berries":69,"minecraft:gravel":12,"minecraft:spruce_sapling":1,"minecraft:spruce_log":1,"farmersdelight:ham":2,"alexsmobs:animal_dictionary":3,"minecraft:pumpkin_seeds":22,"botania:orange_mystical_flower":1,"botania:manasteel_pick":1,"minecraft:emerald":1,"minecraft:bread":20,"minecraft:jack_o_lantern":1,"minecraft:oak_sapling":2,"minecraft:coal":6},"minecraft:custom":{"minecraft:interact_with_smithing_table":3,"minecraft:mob_kills":57,"minecraft:interact_with_crafting_table":6,"minecraft:open_barrel":13,"minecraft:interact_with_campfire":15,"minecraft:leave_game":6,"minecraft:time_since_death":112716,"minecraft:climb_one_cm":2143,"minecraft:sprint_one_cm":248471,"minecraft:walk_one_cm":749084,"minecraft:damage_blocked_by_shield":280,"minecraft:drop":76,"minecraft:talked_to_villager":1,"minecraft:play_time":135207,"minecraft:deaths":1,"minecraft:sneak_time":1072,"minecraft:walk_under_water_one_cm":22650,"minecraft:jump":1772,"minecraft:walk_on_water_one_cm":20576,"minecraft:total_world_time":135207,"minecraft:interact_with_furnace":3,"minecraft:sleep_in_bed":5,"minecraft:time_since_rest":47369,"minecraft:waystone_activated":2,"minecraft:damage_taken":1895,"minecraft:damage_dealt":7419,"minecraft:swim_one_cm":3296,"minecraft:fly_one_cm":221538,"minecraft:player_kills":1,"minecraft:open_chest":22,"minecraft:crouch_one_cm":1072,"minecraft:fall_one_cm":31918,"minecraft:horse_one_cm":26835},"minecraft:used":{"minecraft:iron_shovel":6,"minecraft:shield":7,"minecraft:iron_sword":1,"minecraft:dirt":12,"farmersdelight:flint_knife":80,"carryon:entity_item":3,"farmersdelight:cutting_board":1,"minecraft:bow":25,"minecraft:sweet_berries":14,"farmersdelight:iron_knife":303,"minecraft:stone_pickaxe":21,"minecraft:wooden_pickaxe":1,"farmersdelight:pumpkin_slice":36,"minecraft:crafting_table":1,"minecraft:bread":4,"botania:manasteel_pick":2,"minecraft:gravel":8,"minecraft:cobblestone":1,"minecraft:cooked_porkchop":7,"minecraft:cobweb":1}},"DataVersion":2975}