{"stats":{"minecraft:killed_by":{"minecraft:player":1},"minecraft:killed":{"minecraft:pig":8,"minecraft:spider":1,"minecraft:drowned":2},"minecraft:mined":{"botania:orange_mystical_flower":1,"farmersdelight:wild_carrots":3,"minecraft:grass_block":4,"minecraft:tall_grass":7,"minecraft:large_fern":1,"botania:magenta_mystical_flower":1,"farmersdelight:cutting_board":1,"minecraft:pumpkin":18,"minecraft:grass":5,"minecraft:coal_ore":6,"minecraft:dirt_path":1,"minecraft:gravel":10,"minecraft:dirt":7,"minecraft:stone":9,"botania:light_blue_mystical_flower":2},"minecraft:custom":{"minecraft:mob_kills":9,"minecraft:interact_with_crafting_table":2,"minecraft:leave_game":2,"minecraft:time_since_death":24698,"minecraft:sleep_in_bed":4,"minecraft:time_since_rest":10709,"minecraft:sprint_one_cm":98669,"minecraft:damage_taken":330,"minecraft:walk_one_cm":210706,"minecraft:drop":39,"minecraft:damage_dealt":1694,"minecraft:swim_one_cm":440,"minecraft:player_kills":1,"minecraft:talked_to_villager":1,"minecraft:fly_one_cm":87079,"minecraft:crouch_one_cm":858,"minecraft:play_time":47189,"minecraft:deaths":1,"minecraft:sneak_time":879,"minecraft:walk_under_water_one_cm":3001,"minecraft:jump":649,"minecraft:walk_on_water_one_cm":960,"minecraft:total_world_time":47189,"minecraft:fall_one_cm":13885,"minecraft:horse_one_cm":15665},"minecraft:crafted":{"farmersdelight:flint_knife":1,"minecraft:pumpkin_seeds":16,"farmersdelight:cutting_board":1,"minecraft:stick":4},"minecraft:used":{"minecraft:stone_pickaxe":14,"minecraft:wooden_pickaxe":1,"farmersdelight:pumpkin_slice":9,"minecraft:dirt":12,"farmersdelight:flint_knife":41,"minecraft:crafting_table":1,"carryon:entity_item":2,"botania:manasteel_pick":2,"minecraft:gravel":5,"farmersdelight:cutting_board":1,"minecraft:cobblestone":1},"minecraft:dropped":{"minecraft:gravel":4,"minecraft:wheat_seeds":2,"farmersdelight:pumpkin_slice":11,"minecraft:pumpkin_seeds":16,"minecraft:carrot":1,"minecraft:dirt":1,"farmersdelight:flint_knife":1,"botania:manasteel_pick":1,"minecraft:oak_sapling":2,"minecraft:pumpkin":2,"farmersdelight:ham":1},"minecraft:picked_up":{"paraglider:paraglider":1,"minecraft:crafting_table":1,"minecraft:feather":2,"minecraft:wooden_pickaxe":1,"minecraft:flint":1,"mca:book_romance":1,"farmersdelight:cutting_board":1,"farmersdelight:flint_knife":1,"minecraft:dirt":13,"minecraft:string":4,"botania:light_blue_mystical_flower":2,"botania:magenta_mystical_flower":2,"minecraft:bone":4,"minecraft:wheat_seeds":3,"farmersdelight:pumpkin_slice":24,"minecraft:stone_pickaxe":2,"minecraft:oak_planks":7,"minecraft:pumpkin":22,"minecraft:gravel":9,"minecraft:porkchop":12,"minecraft:carrot":3,"farmersdelight:ham":2,"alexsmobs:animal_dictionary":3,"minecraft:rotten_flesh":6,"minecraft:pumpkin_seeds":14,"minecraft:arrow":2,"botania:orange_mystical_flower":1,"botania:manasteel_pick":1,"minecraft:oak_sapling":2,"minecraft:coal":6,"minecraft:cobblestone":9}},"DataVersion":2975}