{"stats":{"minecraft:used":{"farmersdelight:iron_knife":66,"minecraft:iron_shovel":6,"minecraft:stone_pickaxe":21,"minecraft:wooden_pickaxe":1,"minecraft:shield":7,"farmersdelight:pumpkin_slice":36,"minecraft:dirt":12,"farmersdelight:flint_knife":80,"minecraft:crafting_table":1,"minecraft:bread":2,"carryon:entity_item":3,"botania:manasteel_pick":2,"minecraft:gravel":8,"farmersdelight:cutting_board":1,"minecraft:cobblestone":1,"minecraft:bow":10,"minecraft:sweet_berries":14,"minecraft:cooked_porkchop":3},"minecraft:killed":{"minecraft:pig":9,"minecraft:spider":2,"minecraft:creeper":1,"minecraft:skeleton":3,"minecraft:zombie":3,"minecraft:drowned":3,"alexsmobs:flying_fish":5,"minecraft:cow":1},"minecraft:crafted":{"paraglider:paraglider":1,"minecraft:red_dye":1,"farmersdelight:iron_knife":1,"farmersdelight:flint_knife":1,"minecraft:pumpkin_seeds":16,"farmersdelight:cutting_board":1,"minecraft:shield":1,"minecraft:stick":4},"minecraft:mined":{"minecraft:spruce_planks":1,"botania:orange_mystical_flower":1,"minecraft:brown_mushroom":1,"farmersdelight:organic_compost":5,"minecraft:kelp_plant":1,"botania:red_mystical_flower":1,"farmersdelight:wild_carrots":3,"minecraft:clay":6,"minecraft:grass_block":5,"minecraft:poppy":1,"farmersdelight:brown_mushroom_colony":1,"minecraft:tall_grass":10,"minecraft:oak_planks":1,"minecraft:sugar_cane":3,"minecraft:kelp":1,"minecraft:red_mushroom":1,"minecraft:large_fern":1,"botania:magenta_mystical_flower":1,"farmersdelight:cutting_board":1,"minecraft:pumpkin":18,"minecraft:grass":8,"minecraft:oak_stairs":1,"minecraft:coal_ore":6,"minecraft:dirt_path":1,"minecraft:gravel":13,"minecraft:dirt":7,"minecraft:stone":12,"botania:light_blue_mystical_flower":2,"minecraft:fern":1},"minecraft:killed_by":{"minecraft:player":1},"minecraft:custom":{"minecraft:interact_with_smithing_table":3,"minecraft:interact_with_furnace":3,"minecraft:mob_kills":24,"minecraft:interact_with_crafting_table":4,"minecraft:interact_with_campfire":15,"minecraft:leave_game":5,"minecraft:time_since_death":89052,"minecraft:sleep_in_bed":5,"minecraft:climb_one_cm":1693,"minecraft:time_since_rest":23705,"minecraft:waystone_activated":2,"minecraft:sprint_one_cm":189879,"minecraft:damage_taken":1491,"minecraft:damage_blocked_by_shield":280,"minecraft:walk_one_cm":586970,"minecraft:drop":70,"minecraft:damage_dealt":3962,"minecraft:swim_one_cm":3296,"minecraft:talked_to_villager":1,"minecraft:player_kills":1,"minecraft:fly_one_cm":172842,"minecraft:open_chest":18,"minecraft:crouch_one_cm":1072,"minecraft:play_time":111543,"minecraft:sneak_time":1026,"minecraft:deaths":1,"minecraft:walk_under_water_one_cm":22650,"minecraft:jump":1479,"minecraft:walk_on_water_one_cm":17927,"minecraft:total_world_time":111543,"minecraft:fall_one_cm":26726,"minecraft:horse_one_cm":26835},"minecraft:picked_up":{"paraglider:paraglider":1,"minecraft:crafting_table":1,"minecraft:feather":2,"minecraft:clay_ball":24,"minecraft:leather":3,"minecraft:brown_mushroom":6,"minecraft:wooden_pickaxe":1,"minecraft:red_mushroom":1,"minecraft:acacia_wood":1,"minecraft:oak_stairs":1,"minecraft:flint":1,"minecraft:gunpowder":3,"farmersdelight:cutting_board":2,"mca:book_romance":1,"farmersdelight:flint_knife":1,"minecraft:cornflower":2,"minecraft:string":5,"minecraft:dirt":13,"botania:light_blue_mystical_flower":2,"farmersdelight:organic_compost":5,"minecraft:bone":8,"botania:magenta_mystical_flower":2,"minecraft:acacia_planks":5,"minecraft:wheat_seeds":4,"farmersdelight:pumpkin_slice":64,"minecraft:spruce_planks":1,"minecraft:iron_ingot":4,"minecraft:stone_pickaxe":2,"minecraft:poppy":1,"minecraft:iron_pickaxe":1,"minecraft:sugar_cane":6,"minecraft:iron_sword":1,"minecraft:oak_planks":8,"minecraft:egg":1,"botania:red_mystical_flower":1,"minecraft:stick":8,"minecraft:cooked_porkchop":8,"minecraft:pumpkin":22,"minecraft:sweet_berries":69,"minecraft:gravel":12,"minecraft:porkchop":15,"minecraft:spruce_sapling":1,"minecraft:spruce_log":1,"minecraft:carrot":3,"farmersdelight:ham":2,"alexsmobs:animal_dictionary":3,"minecraft:arrow":8,"minecraft:pumpkin_seeds":22,"minecraft:rotten_flesh":11,"botania:orange_mystical_flower":1,"botania:manasteel_pick":1,"minecraft:bread":20,"minecraft:jack_o_lantern":1,"minecraft:oak_sapling":2,"minecraft:coal":6,"minecraft:cobblestone":12},"minecraft:dropped":{"minecraft:gravel":4,"minecraft:iron_sword":1,"minecraft:wheat_seeds":3,"alexsmobs:animal_dictionary":1,"farmersdelight:pumpkin_slice":11,"botania:orange_mystical_flower":1,"minecraft:feather":1,"minecraft:pumpkin_seeds":26,"minecraft:carrot":1,"minecraft:coal":6,"minecraft:red_mushroom":1,"minecraft:filled_map":1,"farmersdelight:cutting_board":1,"minecraft:dirt":1,"farmersdelight:flint_knife":2,"botania:manasteel_pick":1,"minecraft:oak_sapling":2,"minecraft:spruce_log":1,"minecraft:pumpkin":10,"farmersdelight:ham":1,"minecraft:string":2,"botania:magenta_mystical_flower":1}},"DataVersion":2975}