{"stats":{"minecraft:mined":{"botania:orange_mystical_flower":1,"farmersdelight:wild_carrots":3,"minecraft:grass_block":4,"minecraft:tall_grass":7,"minecraft:large_fern":1,"botania:magenta_mystical_flower":1,"farmersdelight:cutting_board":1,"minecraft:pumpkin":18,"minecraft:grass":6,"minecraft:coal_ore":6,"minecraft:dirt_path":1,"minecraft:gravel":10,"minecraft:dirt":7,"minecraft:stone":9,"botania:light_blue_mystical_flower":2},"minecraft:used":{"farmersdelight:iron_knife":12,"minecraft:stone_pickaxe":14,"minecraft:wooden_pickaxe":1,"minecraft:shield":7,"farmersdelight:pumpkin_slice":28,"minecraft:dirt":12,"farmersdelight:flint_knife":80,"minecraft:crafting_table":1,"carryon:entity_item":3,"botania:manasteel_pick":2,"minecraft:gravel":5,"farmersdelight:cutting_board":1,"minecraft:cobblestone":1},"minecraft:picked_up":{"paraglider:paraglider":1,"minecraft:crafting_table":1,"minecraft:feather":2,"minecraft:wooden_pickaxe":1,"minecraft:acacia_wood":1,"minecraft:flint":1,"minecraft:gunpowder":3,"farmersdelight:cutting_board":1,"mca:book_romance":1,"minecraft:cornflower":2,"farmersdelight:flint_knife":1,"minecraft:dirt":13,"minecraft:string":4,"botania:light_blue_mystical_flower":2,"minecraft:bone":6,"botania:magenta_mystical_flower":2,"minecraft:acacia_planks":5,"minecraft:wheat_seeds":3,"farmersdelight:pumpkin_slice":64,"minecraft:iron_ingot":4,"minecraft:stone_pickaxe":2,"minecraft:iron_pickaxe":1,"minecraft:iron_sword":1,"minecraft:oak_planks":7,"minecraft:stick":8,"minecraft:pumpkin":22,"minecraft:gravel":9,"minecraft:porkchop":12,"minecraft:carrot":3,"farmersdelight:ham":2,"alexsmobs:animal_dictionary":3,"minecraft:arrow":5,"minecraft:pumpkin_seeds":14,"minecraft:rotten_flesh":6,"botania:orange_mystical_flower":1,"botania:manasteel_pick":1,"minecraft:oak_sapling":2,"minecraft:coal":6,"minecraft:cobblestone":10},"minecraft:killed_by":{"minecraft:player":1},"minecraft:dropped":{"minecraft:gravel":4,"minecraft:iron_sword":1,"minecraft:wheat_seeds":2,"farmersdelight:pumpkin_slice":11,"minecraft:carrot":1,"minecraft:pumpkin_seeds":16,"minecraft:dirt":1,"farmersdelight:flint_knife":1,"botania:manasteel_pick":1,"minecraft:oak_sapling":2,"minecraft:pumpkin":10,"farmersdelight:ham":1},"minecraft:custom":{"minecraft:interact_with_furnace":3,"minecraft:mob_kills":12,"minecraft:interact_with_crafting_table":4,"minecraft:leave_game":3,"minecraft:time_since_death":41447,"minecraft:sleep_in_bed":4,"minecraft:climb_one_cm":1350,"minecraft:time_since_rest":27458,"minecraft:sprint_one_cm":121638,"minecraft:damage_taken":946,"minecraft:walk_one_cm":302405,"minecraft:damage_blocked_by_shield":280,"minecraft:drop":48,"minecraft:damage_dealt":2688,"minecraft:swim_one_cm":2881,"minecraft:talked_to_villager":1,"minecraft:player_kills":1,"minecraft:fly_one_cm":102715,"minecraft:open_chest":3,"minecraft:crouch_one_cm":1072,"minecraft:play_time":63938,"minecraft:sneak_time":990,"minecraft:deaths":1,"minecraft:walk_under_water_one_cm":8491,"minecraft:jump":802,"minecraft:walk_on_water_one_cm":6016,"minecraft:total_world_time":63938,"minecraft:fall_one_cm":15683,"minecraft:horse_one_cm":15665},"minecraft:killed":{"minecraft:pig":8,"minecraft:spider":1,"minecraft:creeper":1,"minecraft:skeleton":1,"minecraft:zombie":2,"minecraft:drowned":2},"minecraft:crafted":{"farmersdelight:iron_knife":1,"farmersdelight:flint_knife":1,"minecraft:pumpkin_seeds":16,"farmersdelight:cutting_board":1,"minecraft:shield":1,"minecraft:stick":4}},"DataVersion":2975}