{"stats":{"minecraft:mined":{"botania:orange_mystical_flower":1,"farmersdelight:wild_carrots":3,"minecraft:grass_block":4,"minecraft:tall_grass":7,"minecraft:large_fern":1,"botania:magenta_mystical_flower":1,"farmersdelight:cutting_board":1,"minecraft:pumpkin":18,"minecraft:grass":6,"minecraft:coal_ore":6,"minecraft:dirt_path":1,"minecraft:gravel":10,"minecraft:dirt":7,"minecraft:stone":9,"botania:light_blue_mystical_flower":2},"minecraft:used":{"minecraft:stone_pickaxe":14,"minecraft:wooden_pickaxe":1,"farmersdelight:pumpkin_slice":12,"minecraft:dirt":12,"farmersdelight:flint_knife":52,"minecraft:crafting_table":1,"carryon:entity_item":3,"botania:manasteel_pick":2,"minecraft:gravel":5,"farmersdelight:cutting_board":1,"minecraft:cobblestone":1},"minecraft:picked_up":{"paraglider:paraglider":1,"minecraft:crafting_table":1,"minecraft:feather":2,"minecraft:wooden_pickaxe":1,"minecraft:flint":1,"minecraft:gunpowder":2,"minecraft:cornflower":1,"mca:book_romance":1,"farmersdelight:cutting_board":1,"farmersdelight:flint_knife":1,"minecraft:string":4,"minecraft:dirt":13,"botania:light_blue_mystical_flower":2,"minecraft:bone":4,"botania:magenta_mystical_flower":2,"minecraft:wheat_seeds":3,"farmersdelight:pumpkin_slice":58,"minecraft:stone_pickaxe":2,"minecraft:oak_planks":7,"minecraft:pumpkin":22,"minecraft:gravel":9,"minecraft:porkchop":12,"minecraft:carrot":3,"farmersdelight:ham":2,"alexsmobs:animal_dictionary":3,"minecraft:rotten_flesh":6,"minecraft:arrow":2,"minecraft:pumpkin_seeds":14,"botania:orange_mystical_flower":1,"botania:manasteel_pick":1,"minecraft:oak_sapling":2,"minecraft:coal":6,"minecraft:cobblestone":9},"minecraft:killed_by":{"minecraft:player":1},"minecraft:dropped":{"minecraft:gravel":4,"minecraft:wheat_seeds":2,"farmersdelight:pumpkin_slice":11,"minecraft:carrot":1,"minecraft:pumpkin_seeds":16,"minecraft:dirt":1,"farmersdelight:flint_knife":1,"botania:manasteel_pick":1,"minecraft:oak_sapling":2,"minecraft:pumpkin":10,"farmersdelight:ham":1},"minecraft:custom":{"minecraft:mob_kills":10,"minecraft:interact_with_crafting_table":2,"minecraft:leave_game":2,"minecraft:time_since_death":29861,"minecraft:sleep_in_bed":4,"minecraft:time_since_rest":15872,"minecraft:sprint_one_cm":101353,"minecraft:damage_taken":340,"minecraft:walk_one_cm":239776,"minecraft:drop":47,"minecraft:damage_dealt":1918,"minecraft:swim_one_cm":440,"minecraft:talked_to_villager":1,"minecraft:fly_one_cm":88429,"minecraft:player_kills":1,"minecraft:crouch_one_cm":1072,"minecraft:play_time":52352,"minecraft:deaths":1,"minecraft:sneak_time":982,"minecraft:walk_under_water_one_cm":4157,"minecraft:jump":681,"minecraft:walk_on_water_one_cm":2765,"minecraft:total_world_time":52352,"minecraft:fall_one_cm":14094,"minecraft:horse_one_cm":15665},"minecraft:killed":{"minecraft:pig":8,"minecraft:spider":1,"minecraft:creeper":1,"minecraft:drowned":2},"minecraft:crafted":{"farmersdelight:flint_knife":1,"minecraft:pumpkin_seeds":16,"farmersdelight:cutting_board":1,"minecraft:stick":4}},"DataVersion":2975}